"","Top","p.value","FDR","summary.AUC","AUC.cap50_r16h","AUC.cap50_r4h","AUC.cap50_r8h","AUC.control"
"Pmepa1",1,1.7768933948951e-89,1.89309518571968e-87,0.243231119900746,0.534808979742413,0.243231119900746,0.369700418113375,0.326371477486274
"Ddit3",1,0,0,0.887491847174149,0.887491847174149,0.660369994566502,0.7774635573444,0.865019327850373
"Gsta4",1,0,0,0.97513076188797,0.659740049935682,0.464058822700433,0.428422706398744,0.97513076188797
"Atf4",1,0,0,0.969250836179539,0.969250836179539,0.545602572795036,0.757322310225435,0.853617604118862
"Cth",2,0,0,0.957887930293708,0.935285410189113,0.493618406664673,0.561467786693967,0.957887930293708
"Blvrb",2,0,0,0.95809808711674,0.579520282301767,0.50362817756524,0.466752950555799,0.95809808711674
"mt-Atp8",2,8.13527143306398e-93,8.84238265206918e-91,0.790388831496238,0.711293416937222,0.767181596258246,0.770946292437162,0.790388831496238
"Sqstm1",3,0,0,0.958957942538181,0.929689125667447,0.466596125148951,0.546215773076175,0.958957942538181
"mt-Nd2",3,0,0,0.926033470842306,0.661092062734262,0.764642519180351,0.706848874805385,0.926033470842306
"Psph",4,0,0,0.933453327468887,0.911687384790474,0.505322818132328,0.571358710552032,0.933453327468887
"Snai2",4,2.40374375445114e-242,5.17309693395406e-240,0.814599353680248,0.731893472957132,0.598123251141896,0.712493185777978,0.814599353680248
"Slc7a11",5,0,0,0.953326089765501,0.894481717375937,0.490829263429638,0.505737659039784,0.953326089765501
"Nupr1",5,0,0,0.901612642013888,0.901612642013888,0.482131674368036,0.7054153185393,0.83982464370409
"Eif4ebp1",5,0,0,0.917347766698374,0.917347766698374,0.484593659458018,0.564594876863714,0.92157994435565
"Trib3",6,0,0,0.892026867856105,0.892026867856105,0.515637042360925,0.675443861182547,0.878855544925715
"Sars",6,0,0,0.909663816241836,0.909663816241836,0.482591277279055,0.550650016511115,0.856487899698439
"Id3",6,0.00169346583294193,0.0787150716862706,0.289157329487071,0.35129454617644,0.666594611494483,0.515688759229451,0.289157329487071
"Ccnd2",6,0,0,0.933169679409533,0.841254283373138,0.62283825349328,0.6451437700397,0.933169679409533
"Tubb4b",7,0,0,0.0886745142764369,0.0886745142764369,0.51877492636593,0.344495762521022,0.183844546966178
"Stbd1",8,6.90105415576152e-228,1.4144532046299e-225,0.799416834344625,0.799416834344625,0.428357690121526,0.657166421756472,0.792054173145883
"Gdf15",8,0,0,0.873404005222631,0.873404005222631,0.388095890532509,0.592020380153696,0.88057522924704
"Fth1",8,0,0,0.936752078812734,0.678741368453075,0.496983391034886,0.483224726267772,0.936752078812734
"Mt2",9,0,0,0.920519877695306,0.837179035854752,0.468133632723748,0.541978457620818,0.920519877695306
"Plk2",9,3.69572750318455e-98,4.18609218926496e-96,0.742975579798381,0.562445080194068,0.39410248902209,0.449212507669212,0.742975579798381
"Fabp5",10,0,0,0.0844190993830661,0.226683380210826,0.487506087239736,0.472514507261433,0.0844190993830661
"Pclaf",10,0,0,0.112560133997696,0.112560133997696,0.532012930784757,0.480330585779212,0.135242121665206
"Sox4",10,6.70891214387114e-24,4.28434712902823e-22,0.702117524466515,0.702117524466515,0.362001505303271,0.469861188901167,0.668915906930125
"Chka",10,2.14759206188543e-140,3.14410399753981e-138,0.770330525506138,0.770330525506138,0.526541330857203,0.647836240392111,0.771195392377959
"Hmox1",11,0,0,0.88393076517812,0.88393076517812,0.397694965219874,0.395274447989615,0.705527882962276
"Tpm1",11,0,0,0.077829102296194,0.172613437303714,0.515637903578123,0.461190681227844,0.077829102296194
"Gadd45a",12,0,0,0.8836347826622,0.838294752332924,0.409310645218705,0.631265837167706,0.8836347826622
"Ghitm",12,0,0,0.922358590767485,0.834904723957272,0.46786631612517,0.555706276709087,0.922358590767485
"Slc3a2",12,0,0,0.889883443223178,0.889883443223178,0.448554251202964,0.559060826871386,0.899566998440745
"Ctsb",13,0,0,0.919109991689205,0.727658042252836,0.47400042695495,0.488098401757747,0.919109991689205
"Gclm",16,0,0,0.911148564854862,0.728756016413753,0.503741075310573,0.395048506421581,0.911148564854862
"Plin2",16,4.9703832603225e-185,8.98887547440347e-183,0.79388662713045,0.706693434860378,0.358355659736739,0.36707321665479,0.79388662713045
"Atf5",16,0,0,0.899798982505744,0.873583276971839,0.537887214995827,0.573904734699934,0.899798982505744
"Chac1",17,3.36686976004307e-130,4.50052199415448e-128,0.816996054896297,0.816996054896297,0.54378044598524,0.642292192158351,0.772973503690846
"Cebpb",17,0,0,0.873023881601076,0.873023881601076,0.485581345095994,0.588507446634153,0.832351452225021
"Chchd10",17,0,0,0.89999927330932,0.700805276159268,0.469462595249317,0.502795910102541,0.89999927330932
"Odc1",17,3.22704604038762e-56,2.77797031340727e-54,0.758904268209755,0.588486180482969,0.63739624290083,0.566189059083253,0.758904268209755
"Srxn1",18,0,0,0.854982483041586,0.703215880398698,0.54321741871806,0.367808391084858,0.854982483041586
"Mthfd2",18,0,0,0.872632284748318,0.872632284748318,0.501760536731436,0.598651667061924,0.727013341616546
"Map2k3",18,3.15052672400311e-57,2.76744839294983e-55,0.2467176713078,0.2467176713078,0.364080457520331,0.422470669177627,0.374092511860971
"Serpinb6a",18,0,0,0.907618227269381,0.689980413124733,0.394371919517426,0.429424048966341,0.907618227269381
"Creg1",19,0,0,0.903192840155421,0.680089322420301,0.506007616291724,0.469274866794457,0.903192840155421
"Cryab",19,0,0,0.83021182555944,0.514574479756277,0.467517418770255,0.402038655443968,0.83021182555944
"Phf10",19,0,0,0.856557323357449,0.856557323357449,0.54991453071753,0.598244612489654,0.855967493693704
"Taldo1",20,0,0,0.905889737790907,0.59271017814251,0.471665693230259,0.441716816724386,0.905889737790907
"Srsf3",20,2.25121801942402e-108,2.64745699431828e-106,0.200215640485597,0.200215640485597,0.626668269052604,0.307939879172654,0.198884604066031
"Gal",20,0,0,0.149911730464664,0.149911730464664,0.501237229845299,0.415957585777903,0.258576567843099
"Lgals3",21,0,0,0.905715862458778,0.795362423500071,0.37927587814142,0.4394550883667,0.905715862458778
"Neat1",21,0,0,0.874300918261196,0.84503645111861,0.499318098662086,0.582450568040276,0.874300918261196
"Igfbp5",22,3.60513916222979e-218,7.05329090094051e-216,0.801699745414264,0.662238099888242,0.55161835760139,0.565416765013855,0.801699745414264
"Rrm2",22,0,0,0.137264854016696,0.137264854016696,0.540107224150827,0.413218885239064,0.144883715699935
"Cbr3",23,0,0,0.89526610351852,0.54056518623807,0.559588061546235,0.378420846912721,0.89526610351852
"Cenpa",24,0,0,0.164609241034705,0.164609241034705,0.525199893731017,0.469013020326705,0.215095720545105
"Sct",25,0,0,0.119197799262361,0.382486624945095,0.521729110132977,0.522105901560118,0.119197799262361
"Thbs1",26,0,0,0.10949584216236,0.23291661994992,0.506814837780607,0.441425162415358,0.10949584216236
"Ube2c",26,0,0,0.18711423520566,0.18711423520566,0.499624326619493,0.455773059355355,0.208779558541246
"Cdk1",27,0,0,0.164907183367954,0.164907183367954,0.513833523062092,0.43414669961788,0.232206633911482
"Gadd45g",27,4.60379217156316e-208,8.69107116879053e-206,0.204304655679104,0.284506014103032,0.491321383814232,0.390757719062871,0.204304655679104
"Sat1",28,0,0,0.835879446278956,0.835879446278956,0.452516972503162,0.601532445414741,0.829869299642044
"Hmmr",29,0,0,0.171179042284584,0.171179042284584,0.514952792248836,0.457736008488974,0.249198730699467
"Asns",30,0,0,0.838852017821886,0.838852017821886,0.442947309687963,0.494437543789027,0.830982701154876
"Ampd3",30,0,0,0.88837468892865,0.799453685318403,0.463006806747558,0.499372540269085,0.88837468892865
"Gstm1",32,0,0,0.869806787269737,0.598977917948112,0.486295842199956,0.475450135779856,0.869806787269737
"Cdc20",32,0,0,0.178746271199859,0.178746271199859,0.514888775103829,0.452556685824045,0.224331985613858
"Pck2",33,0,0,0.870277094052021,0.834130793228262,0.548743510206468,0.608389884134398,0.870277094052021
"Esd",33,0,0,0.881380503302783,0.597679373219991,0.461750943293806,0.447471972686673,0.881380503302783
"Cyb5r1",34,0,0,0.8655471333697,0.834943363228033,0.48256129126209,0.581697499561292,0.8655471333697
"Atp6v1g1",35,0,4.94065645841247e-324,0.842296076878284,0.842296076878284,0.406915965557575,0.434810835140959,0.758906999930195
"Emp2",35,0,0,0.865685125034292,0.733648616119347,0.466612801445592,0.51414239570199,0.865685125034292
"Cenpf",36,1.42587345389784e-320,4.20333265118482e-318,0.194453205090337,0.194453205090337,0.503805249040526,0.459809942774551,0.27426566050242
"Nnmt",36,0,0,0.88304056716245,0.806218812803885,0.503683582538273,0.55016353665645,0.88304056716245
"Hmgb2",37,6.49580910546371e-317,1.8639508164328e-314,0.168197468977066,0.168197468977066,0.523733527916225,0.48218465219482,0.182510088270109
"Cyb5a",37,0,0,0.862963323656147,0.541832606561402,0.55136356779841,0.438653406942816,0.862963323656147
"Mki67",38,1.41123333825733e-282,3.84444970539711e-280,0.194579993337087,0.194579993337087,0.508224023992989,0.490452613848667,0.249692747754314
"Tk1",39,2.79917142632169e-281,7.53012103323361e-279,0.183889614254294,0.183889614254294,0.520560151323691,0.492110453096007,0.265993321447432
"Dynap",39,0,0,0.137793309862816,0.295049089756836,0.488421065268259,0.493982460281285,0.137793309862816
"Gpx4",40,0,0,0.884518587050224,0.689938277632906,0.481943198289257,0.500577234919989,0.884518587050224
"Jund",40,2.32844942814696e-278,6.18648890656148e-276,0.813751220161059,0.813751220161059,0.432109387110867,0.471007973177054,0.742294797934374
"Aldh1l2",41,0,0,0.874690758637488,0.776197345202803,0.522377632780119,0.574965879833099,0.874690758637488
"Gars",42,8.51023090819099e-278,2.23352048018516e-275,0.833176606182042,0.833176606182042,0.504541302671913,0.572368930062955,0.782520070984419
"Plk1",43,4.14619659617689e-268,1.06226543983719e-265,0.192766941501792,0.192766941501792,0.513477762067088,0.453714145792301,0.291166417045766
"Selenow",44,0,0,0.876510694446831,0.609584005954024,0.494445175174188,0.520848505898308,0.876510694446831
"Birc5",44,9.92480944653356e-262,2.45507843791782e-259,0.180221957795388,0.180221957795388,0.508980016107371,0.47306943302122,0.240298865068287
"Capg",46,0,0,0.841138336020498,0.627393012621358,0.450957151573705,0.446834094227539,0.841138336020498
"Dek",46,7.00388608876377e-252,1.62075948942248e-249,0.174112532505814,0.174112532505814,0.5192776423318,0.493922190508174,0.214454164064902
"Purb",47,0,0,0.140438543503948,0.233660792613409,0.531945468770959,0.464335595365376,0.140438543503948
"Hist1h1b",47,2.23642407213954e-248,5.01355025588718e-246,0.223492596249559,0.223492596249559,0.485581553875921,0.464147030400821,0.228018296480038
"Trp53i11",48,2.33544575467144e-244,5.12868653941688e-242,0.180598404356854,0.180598404356854,0.502842773578692,0.479229634563341,0.180520706228768
"Cox6a2",48,0,0,0.884124874526511,0.704198017120231,0.492922282194256,0.521607975120638,0.884124874526511
"Arl6ip1",49,5.50863470722277e-244,1.19748815691048e-241,0.19822476361326,0.19822476361326,0.481486022444886,0.432446648168986,0.303317905212802
"Vat1",49,0,0,0.855954392044212,0.668614905716563,0.469015858401278,0.482885253266668,0.855954392044212
"Aars",50,6.00549111481355e-228,1.24273244501832e-225,0.808350502993689,0.808350502993689,0.503825422400938,0.570249396321133,0.719498033903886
"Snrpa1",52,1.69939355289366e-224,3.3863563566504e-222,0.180285713596804,0.180285713596804,0.52230320273627,0.470239627011399,0.22166285604926
"Ctsl",53,0,0,0.85245065558108,0.624898057025375,0.420549425254959,0.438511118885445,0.85245065558108
"Ptma",54,0,0,0.129473311568682,0.225910594795614,0.505306820370449,0.442362637711759,0.129473311568682
"Klf4",54,5.73664955395501e-213,1.11223815360962e-210,0.812478294294207,0.812478294294207,0.438393976072777,0.584308629080381,0.808108441132857
"Cenpe",55,1.18549655907407e-208,2.25779393343658e-206,0.221589566954844,0.221589566954844,0.507606505164954,0.468406888620151,0.281328855221363
"Uqcrq",55,0,0,0.871539679326785,0.726210526358091,0.498099319742804,0.570666892982001,0.871539679326785
"Nars",57,2.04499810128977e-204,3.82699166416148e-202,0.81902577197164,0.81902577197164,0.517566194980617,0.573790876221584,0.672505785412592
"Sfpq",58,8.75991712918205e-203,1.6251911770442e-200,0.183361343288321,0.183361343288321,0.550635160731836,0.450045889124922,0.214548076900636
"Lonp1",58,0,0,0.844385847714913,0.765534513930833,0.495206752151608,0.532361971473802,0.844385847714913
"Top2a",59,8.4444894663249e-178,1.48962178528507e-175,0.244439702443457,0.244439702443457,0.518360941868883,0.460485337999429,0.291722521067134
"Cebpg",60,6.06340786541175e-177,1.05234355380266e-174,0.789834576501135,0.789834576501135,0.497831898754262,0.611869108629678,0.722787635310335
"Mt1",60,2.88156871017865e-318,8.38030951871194e-316,0.835085214825678,0.662366455406504,0.410384504771404,0.437760409804556,0.835085214825678
"Hes6",61,1.47040730110948e-175,2.53157084217424e-173,0.224694653313513,0.224694653313513,0.553967758115928,0.445783297741463,0.315929118060608
"Psap",61,1.14737449298057e-311,3.24903242939873e-309,0.841509611306416,0.651628957712202,0.459722646306448,0.465461635626332,0.841509611306416
"Htatip2",62,1.57967406936196e-307,4.41508644762835e-305,0.836599569247469,0.703236958191224,0.519132331502855,0.492694976453674,0.836599569247469
"Lmnb1",62,2.35648681492e-174,4.02491688443603e-172,0.212802076514195,0.212802076514195,0.500044470124375,0.445620709516326,0.215641825939229
"Ifrd1",63,3.25968367976019e-174,5.52375216315894e-172,0.788797203505384,0.788797203505384,0.511038716671547,0.569478293630971,0.604668733014268
"Cdca8",64,9.60551678728924e-172,1.61500255296287e-169,0.221702510969896,0.221702510969896,0.511851053268632,0.461914642676867,0.272843176756422
"Nqo1",64,1.2853185982849e-298,3.54632584021649e-296,0.835105105993936,0.518319856807645,0.533728318857055,0.498380495131604,0.835105105993936
"Ccnb1",65,1.39977173204654e-167,2.29957919430338e-165,0.231256135968439,0.231256135968439,0.495202785333001,0.452237115864294,0.266702163119461
"Nasp",66,3.35079848422116e-167,5.4630707711307e-165,0.203089413643541,0.203089413643541,0.504207776739098,0.455017631478276,0.221138710504892
"Herpud1",67,2.9081718367074e-161,4.63605674798375e-159,0.789744478482367,0.789744478482367,0.519862617588769,0.579478544054214,0.682093248948102
"Tpx2",68,1.47639292385128e-157,2.33628324369139e-155,0.231735258907226,0.231735258907226,0.496633971730154,0.472150786188822,0.3198047928486
"Spc24",68,6.3657312505177e-269,1.65056508725781e-266,0.177707670692215,0.243915912266552,0.526486369541514,0.499679075138373,0.177707670692215
"Cdca3",69,6.41101381243909e-150,9.78520767783717e-148,0.224123181914812,0.224123181914812,0.511585328616995,0.490159791520781,0.280502655656613
"mt-Nd3",69,2.06804853849025e-266,5.23605559962955e-264,0.854331988796445,0.601789100711662,0.590267958596853,0.666493753154819,0.854331988796445
"Aurka",70,2.03586528282675e-146,3.06390606655347e-144,0.227141003399372,0.227141003399372,0.513498065914955,0.46740855954121,0.284818667866714
"Lamp1",70,3.33971146001063e-264,8.35743375940565e-262,0.841420843652871,0.735837813117741,0.457795894655912,0.520385549943459,0.841420843652871
"Hmgb1",71,3.46105875227773e-261,8.46425515997391e-259,0.15838700766176,0.20873078736104,0.560260698274904,0.508407423105581,0.15838700766176
"Hmgb3",72,2.16438536608151e-162,3.50223589950669e-160,0.21099392295636,0.220981345048487,0.524100771807194,0.44379582021181,0.21099392295636
"Crip1",72,2.21392171084929e-258,5.35346170103253e-256,0.189406674563726,0.382209820684046,0.499632964888958,0.499687297991138,0.189406674563726
"Cars",73,2.8201239655359e-143,4.21471443488177e-141,0.780831827346155,0.780831827346155,0.524806761129144,0.547869430816,0.688273647098213
"Gpnmb",74,8.77989632832807e-258,2.09946832091043e-255,0.844865516607057,0.686920174843203,0.459195216016761,0.487764114760376,0.844865516607057
"Idi1",75,1.55265533844241e-255,3.67194456468338e-253,0.158292272657738,0.330320715993925,0.503341992480791,0.485112711951038,0.158292272657738
"Smc2",76,5.4857313773077e-138,7.87056166473605e-136,0.220407482556067,0.220407482556067,0.510831319911916,0.461949169314332,0.303516604722917
"Eno3",76,5.82415384327859e-254,1.36240885718699e-251,0.19203761308527,0.253362802056421,0.493698369376578,0.487704615879712,0.19203761308527
"Fam129a",77,8.39790709810648e-249,1.92267402828023e-246,0.844095728395486,0.759175611165564,0.497816475137181,0.556602030371854,0.844095728395486
"Tyms",77,9.70253096555613e-136,1.36475927391982e-133,0.226448570789033,0.226448570789033,0.497482087987168,0.461871846465883,0.229642211456592
"Anln",78,1.46421385682124e-135,2.03299009113868e-133,0.234578590830015,0.234578590830015,0.506078653661765,0.471672108700133,0.351324125897198
"Avpi1",78,2.23328065566092e-248,5.01355025588718e-246,0.816819711967397,0.74826659770672,0.593234512574554,0.490450020846801,0.816819711967397
"Hsp90b1",79,3.19562984110956e-135,4.40853524426414e-133,0.202493910748308,0.202493910748308,0.47643628845661,0.378768028838292,0.227875928758428
"Scpep1",79,8.2374578703151e-246,1.82761165801091e-243,0.820033753456024,0.728557555635125,0.485657262696821,0.544459282956026,0.820033753456024
"Bub1b",81,1.94267768394968e-132,2.64609914153672e-130,0.228190693541756,0.228190693541756,0.507979516601397,0.463661952168787,0.311239019279475
"Dpysl3",81,4.26574505970156e-237,9.0894157851322e-235,0.185972955012861,0.50947433713457,0.466641352100561,0.530123977259327,0.185972955012861
"Tpt1",82,3.53090106711612e-231,7.44985508484364e-229,0.848762567770536,0.709718228693848,0.465230991501091,0.503056051262759,0.848762567770536
"Cks2",82,9.55518604773478e-132,1.29331546498933e-129,0.228443827984316,0.228443827984316,0.513949526408834,0.42071076844241,0.328363936028305
"Kif23",83,1.23939648448099e-131,1.6670657339072e-129,0.228615283469184,0.228615283469184,0.514654471831151,0.468520560215484,0.278498103284281
"mt-Cytb",83,6.27588990671214e-230,1.31129540468307e-227,0.847068078929004,0.663597527086671,0.555086688035292,0.633441365733616,0.847068078929004
"Slc48a1",84,8.67196244992758e-227,1.76065381023474e-224,0.811208439923474,0.596036410530296,0.529301740754833,0.474701295529142,0.811208439923474
"Ccna2",85,2.83301543738503e-129,3.76353859431871e-127,0.236690770498806,0.236690770498806,0.521803227006936,0.488433459647565,0.288730385451589
"H19",85,2.44435439037476e-225,4.91635054535103e-223,0.186765206983784,0.231934804719979,0.518086056997964,0.512392096081792,0.186765206983784
"Ehd4",86,1.20732986529013e-124,1.53745242786444e-122,0.22100423123122,0.22100423123122,0.549264677098356,0.479634072773368,0.330583286496262
"Rars",86,7.88531766814811e-219,1.55688001409371e-216,0.819803175033582,0.760388679316557,0.5002117550406,0.519550790225495,0.819803175033582
"Tacc3",87,1.81856599757484e-123,2.3021975784593e-121,0.230990965684389,0.230990965684389,0.510904862641076,0.459135879091173,0.258661410306108
"Mcm6",88,5.21288364047731e-120,6.44749820843176e-118,0.236123398117908,0.236123398117908,0.510245692217676,0.474806674190577,0.302717351060767
"Ptgs1",89,1.8119356031421e-210,3.48166661743047e-208,0.806915952335032,0.716965573474693,0.480489698537444,0.560238236601749,0.806915952335032
"Lars",89,1.23653175412384e-118,1.51201135684657e-116,0.784258324924319,0.784258324924319,0.521566992519937,0.53743150036601,0.780073006422248
"Mcm3",90,4.33715838022856e-104,4.99144307491435e-102,0.245487865500777,0.245487865500777,0.506656373816283,0.47000107083969,0.268368433023625
"Tnfaip2",90,1.06614860043181e-150,1.6388988592781e-148,0.792719280769303,0.772062762392396,0.500882591042402,0.545005682178144,0.792719280769303
"Cstb",92,6.94975537232945e-199,1.27833919117862e-196,0.813632802032273,0.684617631965266,0.454314541574086,0.477475176796006,0.813632802032273
"Maoa",93,2.59506124027376e-197,4.73290787728225e-195,0.800592364295024,0.636213837721493,0.460371247246062,0.458180089259067,0.800592364295024
"Gnpnat1",93,2.1729610757685e-108,2.56946677536336e-106,0.761588003701976,0.761588003701976,0.476379682998998,0.553587140093677,0.753097664893541
"Pbk",95,1.51340728830342e-104,1.75107732535366e-102,0.240079794213232,0.240079794213232,0.500658622376093,0.47527390509445,0.318012174243664
"Rnh1",97,9.29591093387195e-182,1.66714416006549e-179,0.805763829347992,0.714968909753693,0.395070601541944,0.427041080251118,0.805763829347992
"Srsf7",98,5.43221509746439e-98,6.12076969175565e-96,0.215421188144515,0.215421188144515,0.591663208749132,0.391284332045522,0.278922978638264
"Cst6",98,5.05986716823977e-180,8.99945465518085e-178,0.785570262289718,0.450210536806568,0.480568460764771,0.444137629250631,0.785570262289718
"Palld",99,1.26323807463182e-177,2.21025582147565e-175,0.202753224119681,0.350655079305948,0.511064631479942,0.499970776168154,0.202753224119681
"Trim35",99,7.78736083549086e-114,9.41526924385396e-112,0.778039678159837,0.765246718675969,0.54037532367413,0.62385323908449,0.778039678159837
"Pak1",100,1.44477211057867e-95,1.60272889648268e-93,0.235850130264375,0.235850130264375,0.524979396030989,0.477925518147182,0.351210640151899
"Npnt",101,4.40018066810818e-95,4.85621990555679e-93,0.248886895641016,0.248886895641016,0.528922309335647,0.486269284224962,0.249320252476742
"Ero1l",103,4.25643963531899e-125,5.48519984381447e-123,0.780611314478415,0.758067610485609,0.49483859484846,0.552278281520951,0.780611314478415
"Anp32a",103,1.35423250633655e-168,2.25925874177278e-166,0.198172765457984,0.288308476005274,0.508405584236698,0.479377202065954,0.198172765457984
"Slc7a3",104,1.73805709095077e-168,2.87728666571929e-166,0.829811296995405,0.728551286549073,0.471987814559581,0.492266990983455,0.829811296995405
"Ckap2",104,2.28998290660536e-90,2.46413610665272e-88,0.247196372288871,0.247196372288871,0.514649174040513,0.482432015228723,0.318004138211687
"Sox11",105,6.66497411437447e-90,7.13616457290815e-88,0.262093991281952,0.262093991281952,0.52525464626678,0.520328246938249,0.309045951675176
"Malat1",106,6.22642885345957e-89,6.60093474656664e-87,0.745076054864148,0.745076054864148,0.487496535558092,0.536303053986205,0.700027974939038
"Gsto1",106,2.63325372359368e-162,4.22912338697448e-160,0.801537619132185,0.670455786667824,0.465368029425443,0.488579415284153,0.801537619132185
"Mcm5",107,6.83982775915971e-88,7.14562782547942e-86,0.247518567144122,0.247518567144122,0.517114864974192,0.472404596686826,0.271607457819584
"Gbe1",107,1.21759282476705e-155,1.91268723954833e-153,0.798686259944788,0.563289357302139,0.511421462472069,0.473496507436729,0.798686259944788
"Slpi",108,1.32374799703851e-153,2.06437540900473e-151,0.822724232874553,0.537519736569789,0.538828577587579,0.499207312321328,0.822724232874553
"Eef1a1",108,7.40210935327248e-88,7.69569059863649e-86,0.805798382173934,0.805798382173934,0.422797671895038,0.554857290521424,0.685134475966907
"Pgd",109,2.68347196392342e-152,4.15474821119398e-150,0.800194408322083,0.52568870531719,0.553733376550778,0.450508518034491,0.800194408322083
"Rrm1",110,1.97221956874837e-84,2.04058352591506e-82,0.245185060607193,0.245185060607193,0.534591571658751,0.494259841399858,0.264755268613519
"Tuba1b",111,3.1698730635018e-83,3.26405924400102e-81,0.215772739200796,0.215772739200796,0.589914650765987,0.53074003712618,0.243609551113089
"Prc1",112,4.38682303967612e-82,4.47435159416439e-80,0.287318241714257,0.287318241714257,0.500678143299234,0.474930974757524,0.339022950058634
"Tfrc",112,1.65955804949587e-148,2.51516540726764e-146,0.21043373461511,0.265843226232428,0.468051503920104,0.393923400575712,0.21043373461511
"Trappc6a",113,2.26697506125908e-141,3.36466002023155e-139,0.794279623572106,0.657925249989853,0.508778543478159,0.509664211397584,0.794279623572106
"Fads3",113,9.29569956076695e-80,9.30477908126826e-78,0.750750120257949,0.750750120257949,0.523093800123493,0.563612456201629,0.633626030548167
"Slc27a1",114,2.79230980087139e-141,4.11597939894209e-139,0.799394942487472,0.746741702804331,0.459862659344755,0.495931159584828,0.799394942487472
"Knstrn",115,1.33691261692213e-75,1.30780438312643e-73,0.260360126844508,0.260360126844508,0.51201497160854,0.479673972297583,0.328534681816629
"Mcm7",116,3.75848688382226e-75,3.62719265590761e-73,0.249046395657292,0.249046395657292,0.504481382832966,0.493491892360615,0.261386765572981
"Gabarap",116,2.73370342779224e-140,3.97513726145389e-138,0.78946866605264,0.738767405253414,0.451530904909617,0.474496378300564,0.78946866605264
"Hmgn2",117,2.77958320553908e-139,4.01472551452383e-137,0.215972629328133,0.353650798243531,0.48791023298274,0.493519808011339,0.215972629328133
"Kif11",117,1.64436729422958e-74,1.57281904618286e-72,0.25156224820678,0.25156224820678,0.491368646370126,0.477295301891761,0.323924386402546
"Fdps",118,8.03719774681798e-138,1.14548697158458e-135,0.203251352015967,0.396304514425127,0.481817330090981,0.454744291704954,0.203251352015967
"Atp6v0b",118,9.64512236581344e-74,9.14417085615292e-72,0.760791026044436,0.760791026044436,0.44063421078317,0.433583691167591,0.761139902914125
"Smc4",119,2.58416372120678e-73,2.41799075843873e-71,0.260439354428808,0.260439354428808,0.51497868095974,0.474695735759374,0.298140844111164
"Hnrnph1",119,4.66227585659361e-137,6.60110780985208e-135,0.205327777809604,0.373320959925671,0.472249546295122,0.512892825766533,0.205327777809604
"Shmt2",120,5.87551566510841e-109,7.02483181271103e-107,0.780228900138273,0.758312747824808,0.512965964174408,0.553207043396666,0.780228900138273
"Nrn1",120,9.88773709797999e-136,1.38177915640016e-133,0.191130787985183,0.418422452812067,0.49461460008466,0.488361766650015,0.191130787985183
"Ttn",121,3.98462371132703e-134,5.46198005678156e-132,0.237765764573012,0.277075097622931,0.487904387144794,0.488950331352934,0.237765764573012
"Ccnd3",121,1.87648011612185e-72,1.74821335840078e-70,0.253059076027122,0.257647963491415,0.585490029975578,0.502222996852329,0.253059076027122
"Ppp1r14b",122,1.86813699950896e-128,2.46651388751115e-126,0.198475800776,0.286103365173057,0.499023066528246,0.476424146706159,0.198475800776
"Incenp",122,3.85446971237459e-72,3.56017350557995e-70,0.265473993138566,0.265473993138566,0.502013317027621,0.458577309112547,0.348251523875661
"Pgls",124,2.50500108080647e-127,3.2872029426852e-125,0.807802435400381,0.653695887439364,0.499502242557387,0.509337423081286,0.807802435400381
"Cdh15",125,1.14355282761678e-126,1.49153941837213e-124,0.212357953189239,0.270612734844585,0.524771477321542,0.488530311771331,0.212357953189239
"Hells",125,3.49603273910091e-68,3.21530429821328e-66,0.274972743540932,0.274972743540932,0.537751638530962,0.487908131485658,0.342772037451834
"6430548M08Rik",126,1.57446000504578e-67,1.44187037313149e-65,0.243548949707061,0.243548949707061,0.50753251877845,0.465250854943084,0.3688080649723
"Eprs",127,3.02347361018505e-125,3.91976961233685e-123,0.805352241294405,0.714174905893383,0.486956943837678,0.503069833885292,0.805352241294405
"Racgap1",127,2.26827019833779e-67,2.05972333073536e-65,0.26209513659575,0.26209513659575,0.510707487317924,0.476909668785359,0.329585200716209
"Tuba4a",128,3.06605799843084e-65,2.74935975767625e-63,0.251026603027406,0.251026603027406,0.513038254224009,0.40819156854841,0.413028200690536
"Arl4c",129,2.94913075525906e-72,2.73570012861768e-70,0.261294284901362,0.264721100015633,0.442262328846131,0.400131911377831,0.261294284901362
"S100a16",129,1.07642742967021e-124,1.37891635201981e-122,0.762783947752956,0.532164068411803,0.558913754578152,0.528356367599643,0.762783947752956
"Pkig",130,2.43892797816936e-123,3.06948356831483e-121,0.223240252213648,0.269542730452206,0.494500684537185,0.488220646611503,0.223240252213648
"Ccne1",130,1.07802697704861e-64,9.62664671081449e-63,0.270803359265649,0.270803359265649,0.556715719510432,0.44989484092611,0.37924798441466
"Lmo4",132,8.81742264186233e-98,9.88332045185007e-96,0.760786688808985,0.742706119311156,0.55656735527506,0.621985740452006,0.760786688808985
"Ptgr1",132,3.43619552735994e-122,4.29943976420424e-120,0.730337235397071,0.474609900092469,0.475901759649417,0.460412126577363,0.730337235397071
"Hexa",133,7.10302802273421e-121,8.83608474435044e-119,0.786345779157748,0.67654799206398,0.452344311503826,0.476207058721073,0.786345779157748
"Gsta1",134,1.06552587966413e-118,1.31035328321435e-116,0.820583439260435,0.593455074162082,0.505734558245163,0.470131304942439,0.820583439260435
"Tars",134,1.16755848142008e-62,1.03830686275378e-60,0.750827358613021,0.750827358613021,0.505487989151795,0.545733334566761,0.676036839080131
"Pkia",135,4.11522148512039e-116,5.00359782945055e-114,0.207013037149064,0.390348440625124,0.495295561912904,0.503918469667298,0.207013037149064
"Lsm6",135,8.37475271440068e-109,9.95762724677443e-107,0.201709919083788,0.227383568805832,0.51343352682013,0.453907873400211,0.201709919083788
"Mrpl18",136,4.11471367479063e-107,4.81264961930271e-105,0.207127159411748,0.23205880000852,0.525916034976901,0.428913928409975,0.207127159411748
"Rsrp1",139,6.61332901180863e-57,5.78558754728184e-55,0.741416194576356,0.741416194576356,0.469621320188549,0.582820222648689,0.684601817002525
"Tex264",139,3.89311911464598e-111,4.68066013778197e-109,0.770892144887482,0.707677359878894,0.44950547864625,0.519021607601355,0.770892144887482
"Calr",140,8.10703571661491e-57,7.03514176037375e-55,0.230037883765518,0.230037883765518,0.478665170758492,0.374293161707445,0.244953531048363
"Tipin",141,1.47798224855929e-53,1.25226992012774e-51,0.261761769907664,0.261761769907664,0.528008088134358,0.477212816399957,0.315786087300057
"Eea1",142,3.41983923872807e-53,2.8862102061438e-51,0.732794071373545,0.732794071373545,0.437629032519039,0.546519481339824,0.728799542004525
"Rhob",143,2.91787603051772e-106,3.39435730014984e-104,0.763215851319723,0.69806652947013,0.430082290608087,0.533130060675309,0.763215851319723
"Errfi1",144,3.48995138885929e-52,2.92246084979149e-50,0.276570154890631,0.276570154890631,0.526202689816185,0.457168374684004,0.386001354296821
"Atad2",146,1.424928365768e-50,1.18401094052868e-48,0.281209459407869,0.281209459407869,0.525951579759412,0.474697324265022,0.368395548664194
"Gmnn",147,1.83434393564631e-50,1.51834291688633e-48,0.279501394670714,0.279501394670714,0.523895306261884,0.460535048882056,0.321731690100054
"mt-Co2",147,1.79618322638456e-101,2.05615208590546e-99,0.812016074397849,0.53579477343081,0.376384693717238,0.409363722193909,0.812016074397849
"Hmga2",148,1.94878504170073e-98,2.21903718954714e-96,0.788448381728811,0.68969386364979,0.42402996931457,0.50485064215808,0.788448381728811
"Id2",149,5.09262565323112e-49,4.18314491157205e-47,0.267011084628241,0.267011084628241,0.571725952336587,0.443910799988264,0.359079957616429
"H2afx",150,6.70914329912634e-48,5.49001798252847e-46,0.275682797909179,0.275682797909179,0.514074428999949,0.446460444994628,0.288880921812963
"Srrt",151,1.04681287311563e-47,8.53350751603081e-46,0.255288195110033,0.255288195110033,0.504288052620893,0.456397879363648,0.325215137571563
"Ube2s",151,1.94844554956136e-96,2.17266822135284e-94,0.211337881037871,0.250150498251689,0.495373567312997,0.454009187356018,0.211337881037871
"Hgsnat",152,4.84192018857045e-95,5.31647777439921e-93,0.766186080128627,0.707431258064918,0.465908534558036,0.466956559603255,0.766186080128627
"Arl6ip5",153,2.34589623160703e-73,2.20463025329322e-71,0.237885456362808,0.257063592242569,0.430567312475175,0.454049063519856,0.237885456362808
"Nradd",154,5.81867108139088e-93,6.35652895140163e-91,0.761891126035322,0.656289621327109,0.493446815662461,0.460909842773449,0.761891126035322
"Mcm4",155,2.96586680947291e-43,2.30427507605295e-41,0.277211631083575,0.277211631083575,0.511047902988319,0.490881440292465,0.305794116966859
"Uhrf1",156,2.54935642823114e-42,1.96647669146817e-40,0.280273999246906,0.280273999246906,0.532327875304101,0.477082956063242,0.339143729232294
"Chst2",157,8.44100303568157e-93,9.12858423773379e-91,0.24268596438855,0.38572607469616,0.50937239188201,0.489772663350241,0.24268596438855
"Rnf11",159,6.88724169945296e-42,5.25604002177047e-40,0.730996109549868,0.730996109549868,0.43137996224215,0.511971959698304,0.732813579758917
"Slc29a1",159,1.63828528057927e-88,1.72831066290912e-86,0.245694516848297,0.395284964119529,0.508754220616705,0.491566016145571,0.245694516848297
"Kif2c",160,5.54614810819979e-41,4.20276948720307e-39,0.262207799305659,0.262207799305659,0.505634787537717,0.469668746114001,0.31612179717713
"Lyar",160,2.92649190107551e-88,3.07224547331934e-86,0.227786948932422,0.258572934989176,0.54389793688896,0.457430548197037,0.227786948932422
"Ank1",161,1.07101709177841e-39,8.03113548158997e-38,0.27904919665279,0.27904919665279,0.536512895031194,0.477519397989998,0.320012960554806
"Hist1h1c",162,2.01967071087853e-39,1.5039907740075e-37,0.271043111620675,0.271043111620675,0.453188852404597,0.484410896139576,0.312350643847943
"Nuf2",163,1.18889838428535e-37,8.76242538637155e-36,0.268005076352244,0.268005076352244,0.503372526545063,0.476445147685239,0.28445887641527
"Cthrc1",164,3.17995329763422e-82,3.25884642468503e-80,0.200834415943318,0.45196304775637,0.49861255299748,0.49939541007834,0.200834415943318
"Rangap1",164,2.0371439476857e-36,1.49120322782803e-34,0.267515183445112,0.267515183445112,0.516723480904205,0.46309387451665,0.3168667081676
"Abracl",165,1.22230978217059e-81,1.24081739726855e-79,0.227354780150078,0.393471088462028,0.473500503420598,0.433713177738271,0.227354780150078
"Ogt",166,2.93864468956109e-36,2.13657339067717e-34,0.723935390638406,0.723935390638406,0.478231169485978,0.612975572894562,0.719204201566384
"Ahnak2",166,2.53309099584584e-81,2.55937330148349e-79,0.753123921235642,0.626527496974965,0.49342384987053,0.472119950490951,0.753123921235642
"Uap1l1",167,9.06381743529198e-81,9.11506612265962e-79,0.773904702102438,0.645529458475543,0.444776039162939,0.457224976877899,0.773904702102438
"Prdx1",168,1.03992184421694e-79,1.03611842636077e-77,0.785421874174516,0.550310038454413,0.48170135284173,0.431510527774461,0.785421874174516
"Psmd8",169,1.44250463926353e-79,1.4306056378613e-77,0.789694576680931,0.646145456459791,0.405286098962729,0.426704340414144,0.789694576680931
"Ddx17",169,2.22378804233348e-34,1.60060677120599e-32,0.723848346789766,0.723848346789766,0.461495240078647,0.477540025203044,0.632172145277879
"Cavin2",170,1.43184871357528e-66,1.29474017499385e-64,0.274801104230358,0.302814196747228,0.531170660365688,0.525090236464951,0.274801104230358
"Dut",171,2.91971494005265e-42,2.24411375803119e-40,0.257884593881752,0.259292774757766,0.492720887857516,0.513111502257267,0.257884593881752
"Prr13",171,8.01916118316181e-79,7.91653063407451e-77,0.749536429693366,0.582792102237541,0.510062540027027,0.443052469649731,0.749536429693366
"Prmt1",172,8.65168420925914e-78,8.5019587154094e-76,0.211298682175625,0.334269999087768,0.456164827576488,0.454604713451335,0.211298682175625
"Tubb6",172,2.57851616989079e-33,1.83142727697094e-31,0.258004557947051,0.258004557947051,0.501624803681625,0.426337325528351,0.374240449109693
"Nenf",173,1.96478508062287e-75,1.91330948959659e-73,0.767182150270297,0.628287261578821,0.500298581392593,0.500199310738055,0.767182150270297
"Ppm1g",173,3.30478350130682e-33,2.33187690923358e-31,0.262931356320786,0.262931356320786,0.539179641034233,0.463207546111983,0.291966864178011
"Ikbkg",175,2.8335441962042e-75,2.74687858768063e-73,0.765589318559341,0.664466840352499,0.484039583630192,0.473873450482822,0.765589318559341
"Lsm3",175,1.59467225284263e-32,1.11425134913721e-30,0.263589469703637,0.263589469703637,0.515058565379173,0.471340508146137,0.266267633918484
"Anp32e",176,1.15105375811787e-74,1.10588517537745e-72,0.232554411097299,0.279602684615542,0.517309212988408,0.464243438677422,0.232554411097299
"Ccnd1",176,5.17102394905126e-32,3.60147593551885e-30,0.246885248800334,0.246885248800334,0.56207530900734,0.444299563385206,0.519215902877631
"mt-Co3",177,6.56844907422589e-74,6.25484922683263e-72,0.800391887840545,0.559406040264411,0.443327576226856,0.465635997481564,0.800391887840545
"Cat",178,1.26264589570843e-73,1.19181589129567e-71,0.754920942419152,0.577879851358362,0.526290220800431,0.482143047363071,0.754920942419152
"Ccdc34",178,3.53329042963629e-30,2.43717767103214e-28,0.280404705672438,0.280404705672438,0.521699489480884,0.498329919915021,0.305690656370361
"Knl1",179,5.57661761206201e-30,3.8343254833606e-28,0.286743796518326,0.286743796518326,0.514032620819639,0.481692215443975,0.330873724074382
"Rfc5",181,8.00240568466146e-29,5.46729437268568e-27,0.284172004431762,0.284172004431762,0.510780012244943,0.475397364687818,0.355849923628523
"Slc6a8",182,2.99630923409415e-28,2.02142855883825e-26,0.716292108868305,0.716292108868305,0.448634996839594,0.479143831897978,0.68787513417256
"Mafg",183,7.69844599387666e-28,5.16131639358938e-26,0.723769038832568,0.723769038832568,0.429413046553226,0.509957057085847,0.693078531180971
"Akr1b3",184,1.73970104127066e-67,1.58644517411806e-65,0.769665443280254,0.594794187110518,0.421961247313916,0.455615563692442,0.769665443280254
"Prune2",184,1.23782774191954e-27,8.2474584624924e-26,0.710464792451056,0.710464792451056,0.511149996372449,0.573819773008149,0.689470432388381
"Piezo1",186,9.67585257961838e-66,8.71272064292737e-64,0.749762738145023,0.707408170949939,0.478822564725692,0.527469794565105,0.749762738145023
"Dlgap5",186,1.48601737727074e-27,9.87054937538379e-26,0.280910492320169,0.280910492320169,0.503439831973915,0.475130892865386,0.325867541368856
"St8sia2",187,1.57712024005684e-27,1.04434475957733e-25,0.261456714572933,0.261456714572933,0.513809382883073,0.490608474285177,0.259087426087071
"Lig1",188,2.67804480717449e-41,2.03654425071386e-39,0.278690702836131,0.293834032376615,0.517883357786682,0.497440169869187,0.278690702836131
"Iqsec3",189,3.02278545996317e-26,1.98939956831398e-24,0.284269416384256,0.284269416384256,0.52903739927021,0.478885115720768,0.34727396578125
"Iars",190,3.44848304109351e-26,2.26264644900528e-24,0.721797652388019,0.721797652388019,0.518835472544657,0.538043588968744,0.618577406985184
"mt-Nd4",190,3.4492594419655e-59,3.05479475105102e-57,0.796410816382345,0.665597305257473,0.635315568249375,0.647692270387582,0.796410816382345
"Dhx9",191,9.09746957283115e-26,5.95096178349237e-24,0.272920562240571,0.272920562240571,0.506125603047769,0.473278928883723,0.327079258295996
"Kif4",192,1.3290499547475e-25,8.66741941700637e-24,0.272687239717393,0.272687239717393,0.49427997805723,0.468313657354847,0.31857891340966
"Dnajc9",193,1.55747364518954e-25,1.01264019087988e-23,0.282546060703239,0.282546060703239,0.506729551180572,0.479200504173004,0.313324409359606
"Cxadr",193,1.07909422546928e-57,9.51769951898539e-56,0.756241265124979,0.636947622187903,0.501283657281487,0.565304167995872,0.756241265124979
"Popdc3",194,6.79684442659694e-57,5.92206027954629e-55,0.736578792259185,0.493852779355096,0.506619132696868,0.50055845317674,0.736578792259185
"Scx",194,4.05802138044066e-25,2.62260294680071e-23,0.297274133067781,0.297274133067781,0.464274309682221,0.454517298919947,0.483538281322437
"Aldh2",195,9.09704459411184e-57,7.86255006866988e-55,0.740639799692223,0.586730997134304,0.439678390181498,0.45158657608073,0.740639799692223
"Orc6",197,5.65307725463223e-24,3.62082963086131e-22,0.289176724330202,0.289176724330202,0.508242187846607,0.469823531973161,0.293122063665742
"Cyp51",199,7.39630503922074e-56,6.34166855573978e-54,0.240956758828019,0.410965274487512,0.493605932064056,0.480585961422486,0.240956758828019
"Kif20b",199,7.54210301799644e-24,4.80217748669529e-22,0.28969213563248,0.28969213563248,0.504222130359054,0.472999749016108,0.33152732134177
"Prdx6",200,1.75716552378289e-55,1.50063330306871e-53,0.764843452792794,0.488220668614102,0.494463130247879,0.437756765585717,0.764843452792794
"Mfap3l",201,9.82334409666101e-54,8.35605487368547e-52,0.262969333441117,0.325397454027707,0.514421055873162,0.468769581836167,0.262969333441117
"Slc25a33",203,2.01836794592664e-47,1.62686503986094e-45,0.747152884261832,0.718175929040376,0.515640930887059,0.543620224928662,0.747152884261832
"Mgst1",203,3.42273404695188e-52,2.87736950876764e-50,0.7848491941796,0.563041728403099,0.495552804880022,0.481469334085351,0.7848491941796
"Trim59",205,3.94740181947545e-22,2.48397761862371e-20,0.288052307485811,0.288052307485811,0.519471598883654,0.481687893774198,0.314269982455459
"Iah1",205,3.37402007341838e-51,2.81442968992392e-49,0.742225391017934,0.643143568902279,0.480065327239047,0.502413243764041,0.742225391017934
"Hist1h4i",206,3.17867663668656e-50,2.62100765893223e-48,0.240933870723744,0.301274774443508,0.483494459241722,0.479868120392282,0.240933870723744
"Dhfr",206,5.42504472937348e-22,3.40385969740078e-20,0.294147486679197,0.294147486679197,0.51346429576182,0.469366626356,0.32060826343842
"Ccdc88a",207,3.73054472476238e-47,2.9957109336422e-45,0.740972061766798,0.714928160694357,0.446463816089938,0.47900002541609,0.740972061766798
"Psat1",208,1.98825334121008e-21,1.24026667119368e-19,0.725918029288688,0.725918029288688,0.542161070581708,0.582711550174072,0.646474399164719
"Tubb2b",209,1.15129252153841e-47,9.34979862491618e-46,0.725923570811604,0.647560602169827,0.515360121885721,0.518749669450663,0.725923570811604
"Kif20a",209,5.08457370594532e-21,3.14439973349568e-19,0.278958616396634,0.278958616396634,0.514046530782251,0.485040364862928,0.328726406157075
"Sgo2a",210,7.12971116969005e-21,4.3965190281633e-19,0.292976835325175,0.292976835325175,0.498531990043285,0.452207191221133,0.360579433444363
"Cavin3",210,1.39518772016311e-47,1.12879078667783e-45,0.722480701323341,0.521971157381789,0.529755993680232,0.509293996140118,0.722480701323341
"Ezh2",212,2.95238369537122e-20,1.81537855737382e-18,0.290170093164245,0.290170093164245,0.518694572191662,0.467770598666664,0.30799869492719
"Clspn",213,1.22097180759612e-19,7.44377741395924e-18,0.299959029915195,0.299959029915195,0.523409188300182,0.475504869143577,0.349205239089721
"Ddx6",213,1.37679312825331e-46,1.10148568450333e-44,0.259527445250488,0.301675111848934,0.495878057908244,0.436793850838572,0.259527445250488
"Xpot",215,7.82763469904786e-19,4.73198107747778e-17,0.712806918981306,0.712806918981306,0.492496240656446,0.537766020967153,0.703992868247054
"Gm3776",215,1.50689810510109e-45,1.20110941184742e-43,0.788719458569826,0.584437837792221,0.501331102519817,0.469866491706786,0.788719458569826
"Fyn",216,2.59900800081256e-18,1.56675773628816e-16,0.718889419350016,0.718889419350016,0.484897173276378,0.552788518879203,0.679184205372758
"Abcc1",216,3.70972035396099e-45,2.94601076522488e-43,0.734602564910452,0.600274614099576,0.516712128495694,0.490475366856035,0.734602564910452
"Zbtb20",217,4.61718435649306e-45,3.65317737265025e-43,0.732911974737898,0.585817880639013,0.473094478658255,0.535730234177503,0.732911974737898
"Ccnb2",218,2.85963757991349e-17,1.70006244080989e-15,0.298592268689813,0.298592268689813,0.519205300087218,0.496996392783998,0.338610433750528
"Tmem97",218,7.51272505943447e-45,5.92239399282382e-43,0.264879362981889,0.297526182476217,0.501172821237929,0.47283080676838,0.264879362981889
"Tmsb10",219,2.30226160157058e-44,1.80828364698542e-42,0.236426903298369,0.351910182482646,0.460861801781206,0.481002033100346,0.236426903298369
"Sept11",221,3.10053798395902e-44,2.42642465282845e-42,0.244873754202871,0.344183554017218,0.472196907656117,0.484252139016296,0.244873754202871
"Mns1",221,5.66725386346349e-16,3.31426549988037e-14,0.278955891891341,0.28237508745576,0.525125176614769,0.472185219384777,0.278955891891341
"Dctpp1",222,1.08881994903877e-39,8.13628268168868e-38,0.252950788507127,0.271875995870441,0.522438909688589,0.456261875247737,0.252950788507127
"Mpc1",222,4.22592669617919e-44,3.29515103001711e-42,0.737203905373628,0.627785794974363,0.515453968462748,0.512988790195967,0.737203905373628
"Hspa4",223,3.65071335002352e-14,2.10072197876621e-12,0.255017338443442,0.255017338443442,0.506875984201623,0.422657201789367,0.322421091470306
"Hnrnpdl",224,5.06501930659887e-20,3.10553505690354e-18,0.26866120449882,0.277367393760089,0.517947870784016,0.447963358220545,0.26866120449882
"Grn",224,1.11746268549474e-42,8.65068865270955e-41,0.737359746046538,0.64300345884767,0.471734616703542,0.483245446922326,0.737359746046538
"mt-Atp6",226,5.36537802694753e-42,4.10919218925045e-40,0.788011332979854,0.581442922583619,0.54848313554045,0.566848592612028,0.788011332979854
"Ak2",227,3.69042256433201e-14,2.11790890685305e-12,0.276353861867665,0.275054924829238,0.505968130788097,0.473230152416182,0.276353861867665
"Sdc4",228,1.16692263421192e-12,6.59142834931093e-11,0.287226275025609,0.287226275025609,0.492558039514733,0.483320714057584,0.422381505393318
"Tmpo",229,1.22350830505431e-12,6.89296393535965e-11,0.278629067421207,0.278629067421207,0.531117865141738,0.472366285668259,0.30584045012812
"Gm26917",229,8.13912906789233e-41,6.14604198842492e-39,0.284627394392749,0.326192703667938,0.475503329256905,0.474203742855696,0.284627394392749
"Slc1a5",230,8.26695856601378e-41,6.22074179367772e-39,0.732289566822338,0.69044981094285,0.511586659589027,0.531962719267508,0.732289566822338
"Ect2",231,3.03155344970594e-12,1.69901202581046e-10,0.298821110423923,0.298821110423923,0.515179866516554,0.483388716115539,0.357646149165303
"Lamp2",233,5.78112530137618e-39,4.2901930210661e-37,0.733548492122143,0.647768707696227,0.458068482947638,0.477912015849175,0.733548492122143
"Dhx15",233,3.05186592534566e-18,1.83461470892079e-16,0.278137012276511,0.288031390439081,0.520064638265289,0.490949465710797,0.278137012276511
"1110008P14Rik",234,7.64398346681852e-39,5.65313292747084e-37,0.730807462614682,0.557982334840727,0.486520515498517,0.478973838433277,0.730807462614682
"Tcerg1",235,1.16780416998691e-11,6.47740039749698e-10,0.286981640017023,0.286981640017023,0.493426564009577,0.475984224083203,0.321822102090175
"Leprotl1",236,1.17665634834215e-11,6.50972269220342e-10,0.707465275894038,0.707465275894038,0.45398132881116,0.513880899639895,0.704892028616973
"Npm1",236,1.78614425016236e-36,1.31193209582744e-34,0.232682801958012,0.338695752814759,0.442220103105967,0.449905189573198,0.232682801958012
"Lmna",237,2.7568278574702e-36,2.01117601086834e-34,0.220410269401739,0.299723758349237,0.469985223600692,0.49740227933741,0.220410269401739
"Pdia6",237,1.27118638407052e-11,7.01466722348248e-10,0.273085788825836,0.273085788825836,0.455594153744494,0.366391981335619,0.378356621382698
"Eif3c",239,1.01293752709562e-35,7.33987492276935e-34,0.771929880396262,0.748966605462705,0.508777551773507,0.560214338935899,0.771929880396262
"Scd2",240,1.97851913112404e-35,1.4288493362725e-33,0.279588431041934,0.360789539145821,0.555044566685092,0.479840788750988,0.279588431041934
"Maged1",241,3.599374426828e-34,2.58207123465884e-32,0.267231215151999,0.416993985294171,0.479034345863783,0.483204519541516,0.267231215151999
"Lamtor2",243,6.73324431996406e-34,4.81415784086203e-32,0.743086068607663,0.650876245428289,0.488531222777055,0.505076630446869,0.743086068607663
"Smc3",243,3.0571204421606e-10,1.66142144029642e-08,0.28178581346013,0.28178581346013,0.500128034290015,0.45630724110021,0.316701478863273
"AC160336.1",244,3.52640378651834e-10,1.9116306269436e-08,0.269918473750814,0.269918473750814,0.604073452953792,0.499178181930991,0.309962669316276
"Deptor",244,6.77822039159148e-34,4.83026758435236e-32,0.265625547007127,0.311437686289308,0.502045390843852,0.513929349062156,0.265625547007127
"Tmsb4x",245,2.99898941665644e-33,2.12306747486393e-31,0.729630807186791,0.545854687407697,0.470663836654761,0.442519619446374,0.729630807186791
"Rbmxl1",245,5.29001611136756e-10,2.86046323449098e-08,0.290055200106414,0.290055200106414,0.53382333982117,0.447470173937631,0.311144416883242
"Hax1",246,7.85799656599203e-10,4.22779860241786e-08,0.70219166846501,0.70219166846501,0.523615332380253,0.551672920706844,0.68359826778159
"Nrcam",246,3.75254775965544e-33,2.63916929201128e-31,0.757245928251336,0.592071334161978,0.544116007522341,0.507076629138688,0.757245928251336
"Anxa4",247,4.54584522404298e-33,3.18668192399444e-31,0.725134846207852,0.598457764644846,0.475378713738189,0.485666446331589,0.725134846207852
"Ctsd",248,6.03729525731945e-31,4.19124616879909e-29,0.725287742987859,0.513903084752015,0.43241235288192,0.43266812790498,0.725287742987859
"Spg21",249,6.20736584020338e-31,4.29545724266935e-29,0.726154971402335,0.667150210114849,0.488861356036063,0.50846944490698,0.726154971402335
"H3f3b",250,2.33510849678706e-08,1.22870097700133e-06,0.243605954185037,0.243605954185037,0.464875830748377,0.454987706835116,0.328624085987558
"Eef2",252,6.10502198500345e-08,3.1889849062927e-06,0.759812566382991,0.759812566382991,0.442321230882936,0.558546968654672,0.663011677760104
"Gspt1",252,2.03714454759328e-29,1.39622254168009e-27,0.242723943259143,0.294497550836863,0.504276935089799,0.452517440390391,0.242723943259143
"Gnai1",253,1.15372881592092e-28,7.85740438209936e-27,0.254396399051419,0.402104504057023,0.489614764498852,0.485468677378427,0.254396399051419
"Psip1",254,1.84106228620275e-07,9.45620559937215e-06,0.289982161235267,0.289982161235267,0.506965707375099,0.496245123054057,0.304780356946219
"Sec11c",254,2.16144050322346e-28,1.46739309368682e-26,0.281456715650923,0.379820515262612,0.485213814132626,0.444903102089894,0.281456715650923
"Gnb4",255,2.22726194408063e-28,1.50732403454589e-26,0.274921565145327,0.362170446001267,0.485698287952407,0.484786904770581,0.274921565145327
"Camk2d",256,3.32259680386788e-28,2.23455018175127e-26,0.721059411047438,0.63565972686878,0.500870794976546,0.53459284077324,0.721059411047438
"Melk",256,9.15644798905926e-07,4.64754521633359e-05,0.289326338480012,0.289326338480012,0.501183964866514,0.483654276883262,0.318763158670841
"Asf1b",258,1.38775441667165e-06,7.01076591577245e-05,0.299745760430091,0.299745760430091,0.516615776559547,0.460307004880076,0.352760480417861
"Tuba1c",259,1.43629763768535e-06,7.23900736782823e-05,0.286573747559176,0.286573747559176,0.550531344913312,0.475478518638124,0.509256898840626
"Junb",260,9.2488439289672e-28,6.18150217997837e-26,0.291827546435534,0.355423924841696,0.4866048103939,0.46971497630043,0.291827546435534
"Anxa1",261,2.34165664367808e-06,0.000116925272920176,0.291422925806572,0.291422925806572,0.482777848241003,0.463001811270205,0.483759709807481
"Atp6v1f",263,8.40240581782034e-23,5.33416447213307e-21,0.73070668069551,0.709269145125725,0.448840618969849,0.475851607221982,0.73070668069551
"Krtcap2",265,2.07622967080875e-26,1.37063002286734e-24,0.760674131318204,0.715315377224169,0.473995050871839,0.509373071016855,0.760674131318204
"Tubb5",265,2.31469752351326e-15,1.34634068658186e-13,0.252440858517674,0.260867581229874,0.485756485356959,0.477792434078417,0.252440858517674
"Eif2s2",266,8.90094927021703e-06,0.000440361676423772,0.749459210955147,0.749459210955147,0.540015413178085,0.594959372566433,0.548160549628518
"Rad51ap1",267,4.2907506886219e-14,2.44936990901412e-12,0.291598108440072,0.306302420711131,0.510602601502276,0.489328115372605,0.291598108440072
"Rabac1",268,3.34386710660157e-25,2.16757120485458e-23,0.731175900093929,0.660802519368864,0.491160310100825,0.497446009963481,0.731175900093929
"Tpm2",270,7.32604807318754e-25,4.72047546655897e-23,0.291714272862697,0.370242677928517,0.490979611074314,0.463748035158676,0.291714272862697
"Tmbim6",272,4.39115888926773e-24,2.82095911808749e-22,0.736152033874606,0.641111521012891,0.458747957218905,0.485114066852914,0.736152033874606
"Aldh18a1",273,0.000131585448482772,0.00632109472499495,0.705779615102228,0.705779615102228,0.505829553111786,0.531748177563535,0.636525393754958
"Anapc13",274,1.70891518863814e-22,1.08169305219651e-20,0.283611618733725,0.449058029634291,0.499639802431555,0.539633356076997,0.283611618733725
"Lsm2",274,0.000144825398698131,0.00694162005653113,0.294303731593099,0.294303731593099,0.497452467335076,0.460747371350198,0.310671431423633
"Txnrd1",275,2.20231191804159e-22,1.38991069760039e-20,0.737451696287003,0.421396671999408,0.489905438351724,0.382958927224202,0.737451696287003
"Grb10",276,1.93703222440524e-21,1.21182763085539e-19,0.714635916299661,0.594860474658224,0.519530396530495,0.535705729141846,0.714635916299661
"Acot2",277,1.230673810538e-07,6.36666612417989e-06,0.756971271000035,0.743199950490295,0.487205313657913,0.565663100191163,0.756971271000035
"Tuba1a",277,2.08304281332116e-21,1.29564058917586e-19,0.27650975558369,0.501313252968473,0.517274764300512,0.487195009251644,0.27650975558369
"Slc2a1",278,4.13001539610892e-21,2.56144268990376e-19,0.717778243496331,0.677529546082002,0.458719719733827,0.466795700046029,0.717778243496331
"Rgs12",280,6.93021326334444e-20,4.23707726251238e-18,0.292663691584413,0.343792881452788,0.44193334387672,0.495609370389246,0.292663691584413
"Ppp3ca",281,1.90174693926988e-11,1.04673902506463e-09,0.701241283159638,0.685587773031758,0.491971498408314,0.562905314224171,0.701241283159638
"Calm1",282,3.49249629774253e-19,2.12322070123494e-17,0.757290325338887,0.489195431122235,0.523846712733957,0.454334200283651,0.757290325338887
"Supt16",283,1.76761524887086e-09,9.46289745546017e-08,0.280881410021796,0.292455255402968,0.511253942678427,0.462844689373327,0.280881410021796
"Jam2",283,5.46648417041935e-19,3.31392129103085e-17,0.271653101420346,0.369218606647401,0.489290790247681,0.472309006023427,0.271653101420346
"Mest",286,5.04479170226021e-18,3.02420507588695e-16,0.265960832539278,0.33257812948958,0.516579292267366,0.492731465362821,0.265960832539278
"Fasn",287,6.044782297637e-18,3.61360443965128e-16,0.288187276993482,0.357797256149632,0.5268783277563,0.458551986463689,0.288187276993482
"Tpp1",290,7.86973412110382e-18,4.69153872632343e-16,0.713536491647725,0.64616388194668,0.463665977170959,0.490843666562573,0.713536491647725
"Rps5",292,1.39863830958722e-07,7.21824821597761e-06,0.763145781364341,0.754704064979881,0.446471854117114,0.527630794284594,0.763145781364341
"Myadm",295,9.91078826986914e-17,5.85961742735862e-15,0.70471876328067,0.646704510245736,0.538496982869085,0.544719961404919,0.70471876328067
"Ncl",297,2.07752935311838e-16,1.22159861225303e-14,0.255151759535614,0.308973031275908,0.491573276795729,0.479595317907635,0.255151759535614
"Htra1",302,3.33760105326193e-15,1.93607849776954e-13,0.75483670995197,0.670088502616741,0.454823834107646,0.508558704908165,0.75483670995197
"Ctnnbip1",303,3.59007983338086e-15,2.07693838962875e-13,0.294385232414775,0.370083740522528,0.542276682466088,0.512556109289936,0.294385232414775
"Cks1b",304,2.87710367576844e-08,1.51019873673689e-06,0.282745345095326,0.299193015916647,0.51557025888189,0.462286493160736,0.282745345095326
"Ddx39b",304,9.11586562740008e-15,5.25958563451145e-13,0.271583004943406,0.317956008697955,0.489086290309532,0.46851165991178,0.271583004943406
"Ahsa2",306,3.73623139158913e-14,2.13849563240398e-12,0.288335055112858,0.365882809884741,0.520771984656763,0.454916457684732,0.288335055112858
"Ranbp1",311,8.87018441117715e-14,5.03681368635735e-12,0.246035000605752,0.300046515814774,0.509743393811659,0.501252233018454,0.246035000605752
"Zfp326",313,2.96436574309587e-12,1.66569491271974e-10,0.294878374258219,0.325390602238144,0.493408426253449,0.474608134344968,0.294878374258219
"Hnrnpd",314,4.72911036371502e-12,2.64351127629898e-10,0.26730963939805,0.33204632211609,0.509151320037184,0.437464410465374,0.26730963939805
"Ddrgk1",315,7.95313499506336e-12,4.4341818193979e-10,0.710172470750435,0.65436876934224,0.465361244077827,0.485471667506706,0.710172470750435
"Hacd1",318,3.82696696792151e-11,2.09567827268801e-09,0.288867979292816,0.33338989576037,0.442246539864178,0.416251132277482,0.288867979292816
"Avil",320,2.02574912742893e-10,1.10650119216746e-08,0.768203601542664,0.650309234725432,0.481304958053503,0.510816859128142,0.768203601542664
"Hist1h2ae",321,5.41066096986031e-10,2.91836678527227e-08,0.269423884932933,0.321101462344694,0.477331641172028,0.477590997546039,0.269423884932933
"Taf15",327,2.25447562524862e-09,1.20095470126177e-07,0.702797355991655,0.672247820990266,0.504529506606058,0.569520622634411,0.702797355991655
"Gpr137b",338,6.22745519075886e-08,3.23722374783385e-06,0.728493032362453,0.633300882775726,0.471314290516224,0.472901565350842,0.728493032362453
"Hspa8",339,6.66802132074105e-08,3.45789124924502e-06,0.250011855136282,0.27186906370798,0.483885530141819,0.332925414427107,0.250011855136282
"Pir",343,1.55527617838615e-07,8.00743986484408e-06,0.711180342985271,0.556741397387318,0.506736049455789,0.491159849267634,0.711180342985271
"Igfbp2",344,4.28376373964018e-07,2.18980711260799e-05,0.257876027418623,0.47200700369434,0.499609868609573,0.497374363686686,0.257876027418623
"Itpr2",347,1.88644631958102e-06,9.4634525043597e-05,0.72029940929065,0.665731568183745,0.505794243206693,0.531534500193517,0.72029940929065
"Map1lc3b",348,1.98867777774298e-06,9.95310103600153e-05,0.714219793059712,0.633918528404385,0.436840000981266,0.454851609277695,0.714219793059712
"Denr",349,5.59707287577782e-06,0.00027818615556493,0.275636374167833,0.432843942756815,0.476732755952446,0.496526732400899,0.275636374167833
"Hnrnpa3",350,7.50221457764874e-06,0.000372016497524374,0.280722307197293,0.394216125134172,0.519136115639026,0.531918988641437,0.280722307197293
"Pgm2",354,1.14007167845386e-05,0.000560170835433914,0.701164238034587,0.562864486069568,0.528229186076675,0.504234535570472,0.701164238034587
"Grina",355,1.40860396063558e-05,0.000690536807217275,0.714060106760939,0.62557142116564,0.491078181297181,0.498676144065128,0.714060106760939
"Fh1",356,1.45382512850804e-05,0.000709473256023163,0.298174234752279,0.370182518814291,0.492234587213378,0.47954574718727,0.298174234752279
"Tnnt3",360,4.0001104153102e-05,0.00193888234792547,0.249396873256871,0.351883800078846,0.498756872121773,0.499021527241657,0.249396873256871
"Dusp18",364,8.18995502213983e-05,0.00394308774119623,0.722067283282274,0.661403849299209,0.519988016032211,0.494480036315108,0.722067283282274
"Hist1h4d",369,0.000367412873080018,0.0175323557462418,0.290095662197678,0.346138604670228,0.490547671503576,0.503163228673237,0.290095662197678
"Eif4a1",370,0.000453975481536266,0.0215198377492114,0.251887088393381,0.322077611285319,0.431576972200431,0.405592072497155,0.251887088393381
"Pcbp4",373,0.00070579667013585,0.0333834068966893,0.292626720533011,0.403815743523652,0.496312398448139,0.482653424883586,0.292626720533011
"H2afy",376,0.000946140903111973,0.0442649964692886,0.292000016125107,0.395826496613689,0.515730366988136,0.494876391834633,0.292000016125107
