"","Top","p.value","FDR","summary.AUC","AUC.d5_MuSCs_and_progenitors"
"Gatm",1,0.929386672871536,1,0.357354861861776,0.357354861861776
"Isyna1",2,0.999988506970741,1,0.3681500053719,0.3681500053719
"Gpx8",3,0.999999751522468,1,0.618880510674002,0.618880510674002
"Ugdh",4,0.999999999998435,1,0.602508823436978,0.602508823436978
"Inppl1",5,0.999999999999989,1,0.395963474004024,0.395963474004024
"Lypla1",6,1,1,0.528414975249063,0.528414975249063
"Atp6v1h",7,1,1,0.512701437111131,0.512701437111131
"Rdh10",8,1,1,0.514514179257742,0.514514179257742
"Gsta3",9,1,1,0.5020139143171,0.5020139143171
"B3gat2",10,1,1,0.501479465090325,0.501479465090325
"Hs6st1",11,1,1,0.51482406845043,0.51482406845043
"Cox5b",12,1,1,0.446748940785584,0.446748940785584
"Inpp4a",13,1,1,0.495319321079555,0.495319321079555
"Mgat4a",14,1,1,0.50558951668249,0.50558951668249
"Lipt1",15,1,1,0.503207608949074,0.503207608949074
"Chst10",16,1,1,0.500030513853289,0.500030513853289
"Uxs1",17,1,1,0.512814904793123,0.512814904793123
"Gls",18,1,1,0.506285488342246,0.506285488342246
"Inpp1",19,1,1,0.512416032088149,0.512416032088149
"Hibch",20,1,1,0.501614858894441,0.501614858894441
"Pgap1",21,1,1,0.50141734107764,0.50141734107764
"Mars2",22,1,1,0.495067901545865,0.495067901545865
"Aox1",23,1,1,0.504089587211516,0.504089587211516
"Aox3",24,1,1,0.499235326490922,0.499235326490922
"Aox4",25,1,1,0.500548701206156,0.500548701206156
"Aox2",26,1,1,0.500183083119736,0.500183083119736
"Ndufb3",27,1,1,0.463293844387388,0.463293844387388
"Ndufs1",28,1,1,0.46730376668852,0.46730376668852
"Idh1",29,1,1,0.514350646930233,0.514350646930233
"Pikfyve",30,1,1,0.498301639123803,0.498301639123803
"Rpe",31,1,1,0.525833539804317,0.525833539804317
"Acadl",32,1,1,0.430184669109237,0.430184669109237
"Cps1",33,1,1,0.5,0.5
"Atic",34,1,1,0.502440011957045,0.502440011957045
"Plcd4",35,1,1,0.499785306720868,0.499785306720868
"Cyp27a1",36,1,1,0.500649195932558,0.500649195932558
"Gmppa",37,1,1,0.521484310763314,0.521484310763314
"Chpf",38,1,1,0.535772833680862,0.535772833680862
"Sgpp2",39,1,1,0.5,0.5
"Mogat1",40,1,1,0.49923569192629,0.49923569192629
"Acsl3",41,1,1,0.453208193645664,0.453208193645664
"B3gnt7",42,1,1,0.504278334579468,0.504278334579468
"Pde6d",43,1,1,0.504907248849061,0.504907248849061
"Alpi",44,1,1,0.5,0.5
"Neu2",45,1,1,0.500183083119736,0.500183083119736
"Inpp5d",46,1,1,0.500183083119736,0.500183083119736
"Dgkd",47,1,1,0.505425436201928,0.505425436201928
"Ugt1a7c",48,1,1,0.500915415598682,0.500915415598682
"Ugt1a6b",49,1,1,0.5,0.5
"Ugt1a6a",50,1,1,0.500049699210148,0.500049699210148
"Ugt1a5",51,1,1,0.500183083119736,0.500183083119736
"Ugt1a2",52,1,1,0.5,0.5
"Scly",53,1,1,0.503698754084654,0.503698754084654
"Ndufa10",54,1,1,0.464271018563386,0.464271018563386
"Agxt",55,1,1,0.5,0.5
"Dtymk",56,1,1,0.508565256890101,0.508565256890101
"Pign",57,1,1,0.507461642076521,0.507461642076521
"Kdsr",58,1,1,0.538083481517375,0.538083481517375
"Mgat5",59,1,1,0.524224345158091,0.524224345158091
"Acmsd",60,1,1,0.500050247363201,0.500050247363201
"Lct",61,1,1,0.500232965047569,0.500232965047569
"Pfkfb2",62,1,1,0.498262902974717,0.498262902974717
"Pik3c2b",63,1,1,0.489871776037818,0.489871776037818
"Etnk2",64,1,1,0.500050247363201,0.500050247363201
"Chit1",65,1,1,0.500183083119736,0.500183083119736
"Cyb5r1",66,1,1,0.48525413471848,0.48525413471848
"B3galt2",67,1,1,0.498983358804179,0.498983358804179
"Pla2g4a",68,1,1,0.535137889727685,0.535137889727685
"Ptgs2",69,1,1,0.548557407338381,0.548557407338381
"Colgalt2",70,1,1,0.500366166239473,0.500366166239473
"Nmnat2",71,1,1,0.506216055622187,0.506216055622187
"Npl",72,1,1,0.493147173247792,0.493147173247792
"Glul",73,1,1,0.515980488674793,0.515980488674793
"Soat1",74,1,1,0.547202555708795,0.547202555708795
"Prdx6",75,1,1,0.508817772729897,0.508817772729897
"Pigc",76,1,1,0.517891350217909,0.517891350217909
"Fmo4",77,1,1,0.499500998003992,0.499500998003992
"Fmo1",78,1,1,0.495274920682253,0.495274920682253
"Fmo2",79,1,1,0.500732332478945,0.500732332478945
"Nme7",80,1,1,0.51292142920311,0.51292142920311
"Adcy10",81,1,1,0.500549249359209,0.500549249359209
"Gm4847",82,1,1,0.5,0.5
"Uck2",83,1,1,0.529596793231552,0.529596793231552
"Aldh9a1",84,1,1,0.51227259870592,0.51227259870592
"Mgst3",85,1,1,0.498974771073013,0.498974771073013
"Hsd17b7",86,1,1,0.497917749268947,0.497917749268947
"Uap1",87,1,1,0.507664824141538,0.507664824141538
"Sdhc",88,1,1,0.48438860104763,0.48438860104763
"Ndufs2",89,1,1,0.454449212157888,0.454449212157888
"B4galt3",90,1,1,0.490079526044944,0.490079526044944
"Ppox",91,1,1,0.499909920181607,0.499909920181607
"Pigm",92,1,1,0.50359734576983,0.50359734576983
"Fh1",93,1,1,0.470984979875474,0.470984979875474
"Kmo",94,1,1,0.5,0.5
"Adss",95,1,1,0.547978192278936,0.547978192278936
"Smyd3",96,1,1,0.498339461684467,0.498339461684467
"Itpkb",97,1,1,0.505523372880749,0.505523372880749
"Pycr2",98,1,1,0.494207301252493,0.494207301252493
"Ephx1",99,1,1,0.516188421399603,0.516188421399603
"9130409I23Rik",100,1,1,0.5,0.5
"Lbr",101,1,1,0.503433813442321,0.503433813442321
"Degs1",102,1,1,0.54299127851949,0.54299127851949
"Bpnt1",103,1,1,0.497525454400609,0.497525454400609
"Eprs",104,1,1,0.511354625059657,0.511354625059657
"Smyd2",105,1,1,0.50344130486738,0.50344130486738
"Lpgat1",106,1,1,0.522077229649087,0.522077229649087
"Hsd11b1",107,1,1,0.528428130922337,0.528428130922337
"Olah",108,1,1,0.5,0.5
"Suv39h2",109,1,1,0.504765277208308,0.504765277208308
"Sephs1",110,1,1,0.516355790798484,0.516355790798484
"Nudt5",111,1,1,0.483302709849433,0.483302709849433
"Dhtkd1",112,1,1,0.502750997455839,0.502750997455839
"Atp5c1",113,1,1,0.460039094275747,0.460039094275747
"Pfkfb3",114,1,1,0.507469498936949,0.507469498936949
"Hacd1",115,1,1,0.392674007532354,0.392674007532354
"Pip4k2a",116,1,1,0.523892712560964,0.523892712560964
"Gad2",117,1,1,0.500564414927012,0.500564414927012
"Pdss1",118,1,1,0.498252853502077,0.498252853502077
"Hnmt",119,1,1,0.500965845679567,0.500965845679567
"Ehmt1",120,1,1,0.497291758482303,0.497291758482303
"Pnpla7",121,1,1,0.50442231611475,0.50442231611475
"Man1b1",122,1,1,0.521147927506393,0.521147927506393
"Uap1l1",123,1,1,0.51088869496452,0.51088869496452
"Entpd2",124,1,1,0.499287035595598,0.499287035595598
"Fut7",125,1,1,0.500183083119736,0.500183083119736
"Ptgds",126,1,1,0.500183083119736,0.500183083119736
"Inpp5e",127,1,1,0.507775551058264,0.507775551058264
"Agpat2",128,1,1,0.524300903867841,0.524300903867841
"Dbh",129,1,1,0.5,0.5
"Sardh",130,1,1,0.505374275250305,0.505374275250305
"Cel",131,1,1,0.5,0.5
"Ak8",132,1,1,0.500183083119736,0.500183083119736
"Kyat1",133,1,1,0.498664333727273,0.498664333727273
"Dolk",134,1,1,0.52044958051674,0.52044958051674
"Dolpp1",135,1,1,0.516765078411467,0.516765078411467
"Ptges",136,1,1,0.520626633952892,0.520626633952892
"Ass1",137,1,1,0.52305586556656,0.52305586556656
"Pomt1",138,1,1,0.509087281314339,0.509087281314339
"Uck1",139,1,1,0.51008674704783,0.51008674704783
"Ptges2",140,1,1,0.503737672951424,0.503737672951424
"Dpm2",141,1,1,0.512606606632944,0.512606606632944
"Pip5kl1",142,1,1,0.500366166239473,0.500366166239473
"St6galnac4",143,1,1,0.465422139974902,0.465422139974902
"St6galnac6",144,1,1,0.509753287273859,0.509753287273859
"Ak1",145,1,1,0.509143558361125,0.509143558361125
"Fpgs",146,1,1,0.516207241321093,0.516207241321093
"Gm34653",147,1,1,0.500416413602674,0.500416413602674
"Ggta1",148,1,1,0.525121306270652,0.525121306270652
"Ndufa8",149,1,1,0.491939226636438,0.491939226636438
"Ptgs1",150,1,1,0.550269289323221,0.550269289323221
"Kynu",151,1,1,0.5,0.5
"Galnt13",152,1,1,0.5,0.5
"Gpd2",153,1,1,0.541159168298336,0.541159168298336
"Galnt5",154,1,1,0.500183083119736,0.500183083119736
"Upp2",155,1,1,0.509710531335717,0.509710531335717
"Galnt3",156,1,1,0.500017906333068,0.500017906333068
"B3galt1",157,1,1,0.509556500327796,0.509556500327796
"Cers6",158,1,1,0.530529932445618,0.530529932445618
"Dhrs9",159,1,1,0.501432872080811,0.501432872080811
"Phospho2",160,1,1,0.503005523190163,0.503005523190163
"Gad1",161,1,1,0.500366166239473,0.500366166239473
"Atp5g3",162,1,1,0.435782773522892,0.435782773522892
"Agps",163,1,1,0.506276535175712,0.506276535175712
"Pde11a",164,1,1,0.500183083119736,0.500183083119736
"Pde1a",165,1,1,0.523210810162904,0.523210810162904
"Prdx6b",166,1,1,0.500549249359209,0.500549249359209
"Ndufs3",167,1,1,0.483825647862093,0.483825647862093
"Acp2",168,1,1,0.506249127523057,0.506249127523057
"Dgkz",169,1,1,0.508179539858401,0.508179539858401
"Large2",170,1,1,0.499651740093595,0.499651740093595
"Chst1",171,1,1,0.511690460163525,0.511690460163525
"Ext2",172,1,1,0.529033109175278,0.529033109175278
"Hsd17b12",173,1,1,0.514879066473424,0.514879066473424
"Pdhx",174,1,1,0.488298942210782,0.488298942210782
"Apip",175,1,1,0.505317632768151,0.505317632768151
"Cat",176,1,1,0.514017918027,0.514017918027
"Bbox1",177,1,1,0.500366166239473,0.500366166239473
"Lpcat4",178,1,1,0.500818209790598,0.500818209790598
"Plcb2",179,1,1,0.499500998003992,0.499500998003992
"Ivd",180,1,1,0.498022446502089,0.498022446502089
"Chst14",181,1,1,0.52525469018024,0.52525469018024
"Chac1",182,1,1,0.48738060312915,0.48738060312915
"Itpka",183,1,1,0.499203533613842,0.499203533613842
"Pla2g4b",184,1,1,0.499867164243465,0.499867164243465
"Pla2g4d",185,1,1,0.5,0.5
"Pla2g4f",186,1,1,0.500183083119736,0.500183083119736
"Ganc",187,1,1,0.503901753431986,0.503901753431986
"Ckmt1",188,1,1,0.499867164243465,0.499867164243465
"Sord",189,1,1,0.503448248139386,0.503448248139386
"Sqor",190,1,1,0.51033396407478,0.51033396407478
"Dut",191,1,1,0.50891954648009,0.50891954648009
"Hdc",192,1,1,0.500183083119736,0.500183083119736
"Blvra",193,1,1,0.509780146773462,0.509780146773462
"Gpat2",194,1,1,0.499917411606666,0.499917411606666
"Idh3b",195,1,1,0.488125908563686,0.488125908563686
"Itpa",196,1,1,0.467827070136549,0.467827070136549
"Pank2",197,1,1,0.515204303951599,0.515204303951599
"Smox",198,1,1,0.522403197997999,0.522403197997999
"Cds2",199,1,1,0.509788734504627,0.509788734504627
"Gpcpd1",200,1,1,0.512819838170601,0.512819838170601
"Crls1",201,1,1,0.50136252577233,0.50136252577233
"Hao1",202,1,1,0.501016275760453,0.501016275760453
"Plcb1",203,1,1,0.501859152438441,0.501859152438441
"Plcb4",204,1,1,0.486116196753326,0.486116196753326
"Acss1",205,1,1,0.500915415598682,0.500915415598682
"Entpd6",206,1,1,0.513286316418792,0.513286316418792
"Pygb",207,1,1,0.50419391900929,0.50419391900929
"Nanp",208,1,1,0.499734328486929,0.499734328486929
"Cox4i2",209,1,1,0.501915429485226,0.501915429485226
"Pofut1",210,1,1,0.513508501122983,0.513508501122983
"Dnmt3b",211,1,1,0.499999086411578,0.499999086411578
"Ahcy",212,1,1,0.515929693158538,0.515929693158538
"Pigu",213,1,1,0.516316506496345,0.516316506496345
"Ggt7",214,1,1,0.502892420943539,0.502892420943539
"Acss2",215,1,1,0.503374064759533,0.503374064759533
"Gss",216,1,1,0.539147081158079,0.539147081158079
"Nfs1",217,1,1,0.502892420943539,0.502892420943539
"Rpn2",218,1,1,0.539765763237348,0.539765763237348
"Plcg1",219,1,1,0.503961684832459,0.503961684832459
"Lpin3",220,1,1,0.494515180550653,0.494515180550653
"Ada",221,1,1,0.502282692030805,0.502282692030805
"Pigt",222,1,1,0.515455175332236,0.515455175332236
"Acot8",223,1,1,0.506359489004415,0.506359489004415
"Ptgis",224,1,1,0.486831536487625,0.486831536487625
"B4galt5",225,1,1,0.503781707913357,0.503781707913357
"Tmem189",226,1,1,0.485556167050739,0.485556167050739
"Dpm1",227,1,1,0.50536696654293,0.50536696654293
"Cyp24a1",228,1,1,0.500183083119736,0.500183083119736
"Pck1",229,1,1,0.5,0.5
"Atp5e",230,1,1,0.465182231655327,0.465182231655327
"Uckl1",231,1,1,0.508215535242222,0.508215535242222
"Dgkk",232,1,1,0.500384803443278,0.500384803443278
"Suv39h1",233,1,1,0.518595544173462,0.518595544173462
"Ebp",234,1,1,0.543639012710573,0.543639012710573
"Maoa",235,1,1,0.538889266505437,0.538889266505437
"Maob",236,1,1,0.496754385772578,0.496754385772578
"Chst7",237,1,1,0.505207271286793,0.505207271286793
"Rgn",238,1,1,0.500183083119736,0.500183083119736
"Ndufb11",239,1,1,0.481386184058101,0.481386184058101
"Ndufa1",240,1,1,0.484845943411602,0.484845943411602
"C1galt1c1",241,1,1,0.515882369278287,0.515882369278287
"Ocrl",242,1,1,0.513134295305398,0.513134295305398
"Hs6st2",243,1,1,0.518611806047371,0.518611806047371
"Hprt",244,1,1,0.542569017950916,0.542569017950916
"Ids",245,1,1,0.502927502738938,0.502927502738938
"Mtm1",246,1,1,0.503178374119575,0.503178374119575
"Mtmr1",247,1,1,0.49266096148969,0.49266096148969
"Nsdhl",248,1,1,0.493252966787041,0.493252966787041
"Idh3g",249,1,1,0.458622484068845,0.458622484068845
"Renbp",250,1,1,0.503660200653252,0.503660200653252
"Tktl1",251,1,1,0.500183083119736,0.500183083119736
"Taz",252,1,1,0.497834795440244,0.497834795440244
"Atp6ap1",253,1,1,0.537098633198634,0.537098633198634
"G6pdx",254,1,1,0.532900328964919,0.532900328964919
"Gk",255,1,1,0.511691556469631,0.511691556469631
"Pcyt1b",256,1,1,0.500276451856448,0.500276451856448
"Heph",257,1,1,0.502297857598607,0.502297857598607
"Awat2",258,1,1,0.499052243371185,0.499052243371185
"Ogt",259,1,1,0.523910070740979,0.523910070740979
"Uprt",260,1,1,0.504308300279704,0.504308300279704
"Cox7b",261,1,1,0.463597703896491,0.463597703896491
"Pgk1",262,1,1,0.475008240567565,0.475008240567565
"Gla",263,1,1,0.517990748638205,0.517990748638205
"Prps1",264,1,1,0.490166682380388,0.490166682380388
"Gucy2f",265,1,1,0.5,0.5
"Acsl4",266,1,1,0.504913278532645,0.504913278532645
"Alg13",267,1,1,0.525023552309515,0.525023552309515
"Alas2",268,1,1,0.5,0.5
"Pfkfb1",269,1,1,0.499209563297426,0.499209563297426
"Hsd17b10",270,1,1,0.479839296142245,0.479839296142245
"Sat1",271,1,1,0.536929984775963,0.536929984775963
"Sms",272,1,1,0.449350292457926,0.449350292457926
"Pdha1",273,1,1,0.492139667936189,0.492139667936189
"Ctps2",274,1,1,0.503657642605671,0.503657642605671
"Car5b",275,1,1,0.503956751454981,0.503956751454981
"Piga",276,1,1,0.507426194845753,0.507426194845753
"Prps2",277,1,1,0.510138273434822,0.510138273434822
"Hccs",278,1,1,0.492479157393744,0.492479157393744
"Impa1",279,1,1,0.493629547934523,0.493629547934523
"Car13",280,1,1,0.513240088844647,0.513240088844647
"Car3",281,1,1,0.499594001305335,0.499594001305335
"Car2",282,1,1,0.491814430458015,0.491814430458015
"Cyp7b1",283,1,1,0.500566059386171,0.500566059386171
"Pde7a",284,1,1,0.507050710004378,0.507050710004378
"Cp",285,1,1,0.501881443995934,0.501881443995934
"Gyg",286,1,1,0.50292129033767,0.50292129033767
"Pld1",287,1,1,0.50282719073022,0.50282719073022
"Mecom",288,1,1,0.514974993257717,0.514974993257717
"Pik3ca",289,1,1,0.528546349264123,0.528546349264123
"Ndufb5",290,1,1,0.474073822329709,0.474073822329709
"Mccc1",291,1,1,0.499886166882639,0.499886166882639
"Ndufc1",292,1,1,0.473406720064083,0.473406720064083
"Setd7",293,1,1,0.511865320987465,0.511865320987465
"Mgst2",294,1,1,0.49933399404048,0.49933399404048
"Alg5",295,1,1,0.526383337316579,0.526383337316579
"Plch1",296,1,1,0.499867164243465,0.499867164243465
"Slc33a1",297,1,1,0.507527785878262,0.507527785878262
"Gmps",298,1,1,0.479210199154967,0.479210199154967
"B3galnt1",299,1,1,0.52409753908514,0.52409753908514
"Tdo2",300,1,1,0.5,0.5
"Gucy1b1",301,1,1,0.503921304224213,0.503921304224213
"Gucy1a1",302,1,1,0.502563163676309,0.502563163676309
"Glt28d2",303,1,1,0.495472621216739,0.495472621216739
"Ash1l",304,1,1,0.518087771728604,0.518087771728604
"Fdps",305,1,1,0.486251590557442,0.486251590557442
"Gba",306,1,1,0.511774875733703,0.511774875733703
"Dpm3",307,1,1,0.541257104977157,0.541257104977157
"Flad1",308,1,1,0.492726008985325,0.492726008985325
"Pmvk",309,1,1,0.516127759128393,0.516127759128393
"Npr1",310,1,1,0.499517625313269,0.499517625313269
"Them4",311,1,1,0.518715041539038,0.518715041539038
"Them5",312,1,1,0.5,0.5
"Selenbp2",313,1,1,0.5,0.5
"Selenbp1",314,1,1,0.500599679440095,0.500599679440095
"Pi4kb",315,1,1,0.507526141419102,0.507526141419102
"Pip5k1a",316,1,1,0.526782392739238,0.526782392739238
"Prune1",317,1,1,0.5060358959854,0.5060358959854
"Cers2",318,1,1,0.553403445763179,0.553403445763179
"Setdb1",319,1,1,0.494536923955092,0.494536923955092
"Car14",320,1,1,0.499500998003992,0.499500998003992
"Fmo5",321,1,1,0.498754961698719,0.498754961698719
"Hmgcs2",322,1,1,0.500732332478945,0.500732332478945
"Phgdh",323,1,1,0.479706825821078,0.479706825821078
"Gm4450",324,1,1,0.5,0.5
"Hsd3b2",325,1,1,0.500366166239473,0.500366166239473
"Hsd3b3",326,1,1,0.5,0.5
"Hsd3b6",327,1,1,0.500549249359209,0.500549249359209
"Hsd3b1",328,1,1,0.500366166239473,0.500366166239473
"Hao2",329,1,1,0.500183083119736,0.500183083119736
"Man1a2",330,1,1,0.51676855004747,0.51676855004747
"Ampd1",331,1,1,0.499601858165763,0.499601858165763
"Cept1",332,1,1,0.522301789683175,0.522301789683175
"Ahcyl1",333,1,1,0.516895173402737,0.516895173402737
"Gstm5",334,1,1,0.490481322232869,0.490481322232869
"Gstm7",335,1,1,0.500416596320358,0.500416596320358
"Gstm6",336,1,1,0.500183083119736,0.500183083119736
"Gstm3",337,1,1,0.5,0.5
"Gstm2",338,1,1,0.519832908331999,0.519832908331999
"Gstm1",339,1,1,0.552460987947211,0.552460987947211
"Gstm4",340,1,1,0.501709506654944,0.501709506654944
"Ampd2",341,1,1,0.509956103903508,0.509956103903508
"Amy1",342,1,1,0.500549249359209,0.500549249359209
"Extl2",343,1,1,0.515964044083199,0.515964044083199
"Dbt",344,1,1,0.518898855529512,0.518898855529512
"Agl",345,1,1,0.506375020007586,0.506375020007586
"Dpyd",346,1,1,0.498259065903345,0.498259065903345
"Alg14",347,1,1,0.517193551381309,0.517193551381309
"Gclm",348,1,1,0.542930068095227,0.542930068095227
"Pde5a",349,1,1,0.489199374959345,0.489199374959345
"Ndst3",350,1,1,0.511153818324537,0.511153818324537
"Ndst4",351,1,1,0.499270225568636,0.499270225568636
"Ugt8a",352,1,1,0.498347501262579,0.498347501262579
"Elovl6",353,1,1,0.502485325942768,0.502485325942768
"Pla2g12a",354,1,1,0.50654458201868,0.50654458201868
"Hadh",355,1,1,0.504659300951374,0.504659300951374
"Cyp2u1",356,1,1,0.50646345536682,0.50646345536682
"Sgms2",357,1,1,0.527235167161101,0.527235167161101
"Papss1",358,1,1,0.518257881892751,0.518257881892751
"Ppa2",359,1,1,0.48907530965166,0.48907530965166
"Bdh2",360,1,1,0.504992760725345,0.504992760725345
"Manba",361,1,1,0.501030710457518,0.501030710457518
"Adh7",362,1,1,0.506064582661846,0.506064582661846
"Adh1",363,1,1,0.5,0.5
"Adh5",364,1,1,0.496625935240467,0.496625935240467
"Kyat3",365,1,1,0.512694128403756,0.512694128403756
"Hs2st1",366,1,1,0.527732341980265,0.527732341980265
"Uox",367,1,1,0.500366166239473,0.500366166239473
"Ak5",368,1,1,0.505075166400995,0.505075166400995
"Pigk",369,1,1,0.532633195710373,0.532633195710373
"St6galnac5",370,1,1,0.5,0.5
"St6galnac3",371,1,1,0.499601675448079,0.499601675448079
"Acadm",372,1,1,0.490378817611938,0.490378817611938
"Fpgt",373,1,1,0.510746540606082,0.510746540606082
"Cth",374,1,1,0.500929484860378,0.500929484860378
"Car8",375,1,1,0.532799468803148,0.532799468803148
"Atp6v0d2",376,1,1,0.5,0.5
"Ggh",377,1,1,0.535462030899753,0.535462030899753
"Coq3",378,1,1,0.494777928580773,0.494777928580773
"Fut9",379,1,1,0.5,0.5
"Aco1",380,1,1,0.517768015780961,0.517768015780961
"Ndufb6",381,1,1,0.456645844159356,0.456645844159356
"B4galt1",382,1,1,0.54542398176916,0.54542398176916
"Nudt2",383,1,1,0.488414054351933,0.488414054351933
"Galt",384,1,1,0.507488136140754,0.507488136140754
"Pigo",385,1,1,0.49846133437994,0.49846133437994
"Car9",386,1,1,0.49918507912772,0.49918507912772
"Gba2",387,1,1,0.51087992451567,0.51087992451567
"Npr2",388,1,1,0.504086663728566,0.504086663728566
"Gne",389,1,1,0.518470565277354,0.518470565277354
"Grhpr",390,1,1,0.52468990981786,0.52468990981786
"Aldh1b1",391,1,1,0.499917228888981,0.499917228888981
"Nans",392,1,1,0.528288351893796,0.528288351893796
"Galnt12",393,1,1,0.507536739044796,0.507536739044796
"Alg2",394,1,1,0.516503426687453,0.516503426687453
"Baat",395,1,1,0.499418226892973,0.499418226892973
"Aldob",396,1,1,0.5,0.5
"Fktn",397,1,1,0.500498636560639,0.500498636560639
"Ugcg",398,1,1,0.484849963200658,0.484849963200658
"Alad",399,1,1,0.496314767023989,0.496314767023989
"Atp6v1g1",400,1,1,0.444473922897522,0.444473922897522
"Aldoart1",401,1,1,0.500366166239473,0.500366166239473
"Acer2",402,1,1,0.500395401068972,0.500395401068972
"Hacd4",403,1,1,0.52320021253721,0.52320021253721
"Mtap",404,1,1,0.535188502526255,0.535188502526255
"Cyp2j8",405,1,1,0.5,0.5
"Cyp2j6",406,1,1,0.512456412696394,0.512456412696394
"Cyp2j9",407,1,1,0.498850888483012,0.498850888483012
"Alg6",408,1,1,0.51389202554247,0.51389202554247
"Pgm2",409,1,1,0.500050978233938,0.500050978233938
"Ak4",410,1,1,0.505227187514389,0.505227187514389
"Pde4b",411,1,1,0.52470708528019,0.52470708528019
"Plpp3",412,1,1,0.565226193530186,0.565226193530186
"Dhcr24",413,1,1,0.50961734531669,0.50961734531669
"Cyb5rl",414,1,1,0.507745037204975,0.507745037204975
"Cpt2",415,1,1,0.497500604795535,0.497500604795535
"Scp2",416,1,1,0.538577367418221,0.538577367418221
"Gpx7",417,1,1,0.540360692017649,0.540360692017649
"Txndc12",418,1,1,0.525445995595773,0.525445995595773
"Cmpk1",419,1,1,0.50812052204635,0.50812052204635
"Cyp4a29",420,1,1,0.499500998003992,0.499500998003992
"Uqcrh",421,1,1,0.448598591904437,0.448598591904437
"Pomgnt1",422,1,1,0.513011691739187,0.513011691739187
"Akr1a1",423,1,1,0.528605915229227,0.528605915229227
"Urod",424,1,1,0.504969921014799,0.504969921014799
"B4galt2",425,1,1,0.498530949817684,0.498530949817684
"Atp6v0b",426,1,1,0.479042829756086,0.479042829756086
"St3gal3",427,1,1,0.502851492182241,0.502851492182241
"Elovl1",428,1,1,0.516291839608955,0.516291839608955
"Ppcs",429,1,1,0.498936948512349,0.498936948512349
"Rimkla",430,1,1,0.500050064645517,0.500050064645517
"Ctps",431,1,1,0.505626791090101,0.505626791090101
"Zmpste24",432,1,1,0.539289966387255,0.539289966387255
"Ppt1",433,1,1,0.494003753752108,0.494003753752108
"Oxct2a",434,1,1,0.5,0.5
"Ndufs5",435,1,1,0.464852060799675,0.464852060799675
"Inpp5b",436,1,1,0.521135137268488,0.521135137268488
"A3galt2",437,1,1,0.501281581838155,0.501281581838155
"Azin2",438,1,1,0.502515474360689,0.502515474360689
"Ak2",439,1,1,0.520452869435059,0.520452869435059
"Mecr",440,1,1,0.519688378643665,0.519688378643665
"Pigv",441,1,1,0.507158148002786,0.507158148002786
"Dhdds",442,1,1,0.509744334107325,0.509744334107325
"Extl1",443,1,1,0.495658993254794,0.495658993254794
"Pafah2",444,1,1,0.498620481483024,0.498620481483024
"Man1c1",445,1,1,0.50521677260638,0.50521677260638
"Fuca1",446,1,1,0.530731470051475,0.530731470051475
"Hmgcl",447,1,1,0.509342720637085,0.509342720637085
"Gale",448,1,1,0.490452270121054,0.490452270121054
"Lypla2",449,1,1,0.498138289513978,0.498138289513978
"Alpl",450,1,1,0.499867346961149,0.499867346961149
"Ddost",451,1,1,0.539284119421355,0.539284119421355
"Cda",452,1,1,0.492106778753003,0.492106778753003
"Pla2g2f",453,1,1,0.5,0.5
"Pla2g2d",454,1,1,0.501382441999925,0.501382441999925
"Pla2g5",455,1,1,0.501864816686656,0.501864816686656
"Pla2g2e",456,1,1,0.498645879241152,0.498645879241152
"Akr7a5",457,1,1,0.513011326303819,0.513011326303819
"Aldh4a1",458,1,1,0.505645611011591,0.505645611011591
"Sdhb",459,1,1,0.45786548470251,0.45786548470251
"Agmat",460,1,1,0.500366166239473,0.500366166239473
"Prdm2",461,1,1,0.51882723019724,0.51882723019724
"Dhrs3",462,1,1,0.501277379331414,0.501277379331414
"Plod1",463,1,1,0.529577973310062,0.529577973310062
"Mthfr",464,1,1,0.509730082127945,0.509730082127945
"Srm",465,1,1,0.55997653174062,0.55997653174062
"Pgd",466,1,1,0.532384699659634,0.532384699659634
"Nmnat1",467,1,1,0.495670687186593,0.495670687186593
"Pik3cd",468,1,1,0.49877633966779,0.49877633966779
"H6pd",469,1,1,0.5236164434222,0.5236164434222
"Car6",470,1,1,0.500732332478945,0.500732332478945
"Eno1",471,1,1,0.490258589375624,0.490258589375624
"Acot7",472,1,1,0.523473192757656,0.523473192757656
"Icmt",473,1,1,0.521495639259745,0.521495639259745
"Prdm16",474,1,1,0.507529064902053,0.507529064902053
"Plch2",475,1,1,0.500549249359209,0.500549249359209
"Nadk",476,1,1,0.531217681809578,0.531217681809578
"B3galt6",477,1,1,0.511708914649646,0.511708914649646
"Cyp51",478,1,1,0.488762131540654,0.488762131540654
"Kmt2e",479,1,1,0.561434984297242,0.561434984297242
"Nos3",480,1,1,0.501164459802475,0.501164459802475
"Chpf2",481,1,1,0.512841398857357,0.512841398857357
"Galnt11",482,1,1,0.49470082171797,0.49470082171797
"Kmt2c",483,1,1,0.520662446619028,0.520662446619028
"Tyms",484,1,1,0.498084753232459,0.498084753232459
"Hadha",485,1,1,0.506261004172541,0.506261004172541
"Hadhb",486,1,1,0.486291057577266,0.486291057577266
"Selenoi",487,1,1,0.511856002385562,0.511856002385562
"Khk",488,1,1,0.504829228397836,0.504829228397836
"Cad",489,1,1,0.532251315750045,0.532251315750045
"Rbks",490,1,1,0.50087978565023,0.50087978565023
"Plb1",491,1,1,0.499500998003992,0.499500998003992
"Pisd",492,1,1,0.515683755155379,0.515683755155379
"Nsd2",493,1,1,0.520744121423941,0.520744121423941
"Nat8l",494,1,1,0.499833361471857,0.499833361471857
"Acox3",495,1,1,0.496341261088223,0.496341261088223
"Psapl1",496,1,1,0.500183083119736,0.500183083119736
"Man2b2",497,1,1,0.503022333217125,0.503022333217125
"Hs3st1",498,1,1,0.500099946573349,0.500099946573349
"Bst1",499,1,1,0.5,0.5
"Cd38",500,1,1,0.50206160363272,0.50206160363272
"Qdpr",501,1,1,0.484856541037296,0.484856541037296
"Lap3",502,1,1,0.496255931929623,0.496255931929623
"Sepsecs",503,1,1,0.49674232640541,0.49674232640541
"Pi4k2b",504,1,1,0.491846223335095,0.491846223335095
"G6pd2",505,1,1,0.500183083119736,0.500183083119736
"Pgm1",506,1,1,0.51052472133726,0.51052472133726
"Lias",507,1,1,0.50886893368152,0.50886893368152
"Gnpda2",508,1,1,0.498082560620246,0.498082560620246
"Cox7b2",509,1,1,0.500183083119736,0.500183083119736
"Srd5a3",510,1,1,0.52002494461827,0.52002494461827
"Ppat",511,1,1,0.494487590180313,0.494487590180313
"Paics",512,1,1,0.520744852294678,0.520744852294678
"Dck",513,1,1,0.503863200000585,0.503863200000585
"Mthfd2l",514,1,1,0.525605325416541,0.525605325416541
"Enoph1",515,1,1,0.491301176482626,0.491301176482626
"Coq2",516,1,1,0.47001547984222,0.47001547984222
"Hpse",517,1,1,0.499797914241089,0.499797914241089
"Gpat3",518,1,1,0.496903666120706,0.496903666120706
"Cds1",519,1,1,0.50015019393655,0.50015019393655
"Nudt9",520,1,1,0.518149164870552,0.518149164870552
"Lpcat2b",521,1,1,0.5,0.5
"Pigg",522,1,1,0.509262690291332,0.509262690291332
"Pde6b",523,1,1,0.500599679440095,0.500599679440095
"Atp5k",524,1,1,0.436468878427692,0.436468878427692
"Dgkq",525,1,1,0.503017582557331,0.503017582557331
"Idua",526,1,1,0.498112160885114,0.498112160885114
"Dao",527,1,1,0.499500998003992,0.499500998003992
"Acacb",528,1,1,0.499468839691543,0.499468839691543
"Mmab",529,1,1,0.510477397457008,0.510477397457008
"Mvk",530,1,1,0.51081633876151,0.51081633876151
"Acads",531,1,1,0.474424823001379,0.474424823001379
"Coq5",532,1,1,0.488460464643763,0.488460464643763
"Cox6a1",533,1,1,0.464699126097859,0.464699126097859
"Pla2g1b",534,1,1,0.497788385148414,0.497788385148414
"Sirt4",535,1,1,0.508070457400834,0.508070457400834
"Nos1",536,1,1,0.499200427413207,0.499200427413207
"Sdsl",537,1,1,0.501947770515359,0.501947770515359
"Sds",538,1,1,0.5,0.5
"Aldh2",539,1,1,0.562915911129042,0.562915911129042
"Setd1b",540,1,1,0.512140859255491,0.512140859255491
"B3gnt4",541,1,1,0.501666385281433,0.501666385281433
"Kmt5a",542,1,1,0.474923459562018,0.474923459562018
"Atp6v0a2",543,1,1,0.487106526602598,0.487106526602598
"Aacs",544,1,1,0.510685147464134,0.510685147464134
"Psph",545,1,1,0.453120306439483,0.453120306439483
"Vkorc1l1",546,1,1,0.523956663750492,0.523956663750492
"Gusb",547,1,1,0.517095614702488,0.517095614702488
"Asl",548,1,1,0.497217940537819,0.497217940537819
"Galnt17",549,1,1,0.473242274148152,0.473242274148152
"Mdh2",550,1,1,0.482584081196815,0.482584081196815
"Plod3",551,1,1,0.542172703293523,0.542172703293523
"Ache",552,1,1,0.500515994740654,0.500515994740654
"Cyp3a13",553,1,1,0.500232782329884,0.500232782329884
"Chst12",554,1,1,0.515596598819936,0.515596598819936
"Lfng",555,1,1,0.497742340291954,0.497742340291954
"Atp5j2",556,1,1,0.457354971492387,0.457354971492387
"Cyp3a25",557,1,1,0.5,0.5
"B3glct",558,1,1,0.507229773335058,0.507229773335058
"Kl",559,1,1,0.5,0.5
"Asns",560,1,1,0.468966132180896,0.468966132180896
"C1galt1",561,1,1,0.506037540444559,0.506037540444559
"Ndufa4",562,1,1,0.440258077766108,0.440258077766108
"Aass",563,1,1,0.500366166239473,0.500366166239473
"Ndufa5",564,1,1,0.447593096487362,0.447593096487362
"Hyal6",565,1,1,0.5,0.5
"Impdh1",566,1,1,0.513923452984182,0.513923452984182
"Atp6v1f",567,1,1,0.481458357543427,0.481458357543427
"Ahcyl2",568,1,1,0.505777533179704,0.505777533179704
"Akr1b3",569,1,1,0.473106149473298,0.473106149473298
"Akr1b8",570,1,1,0.497840642406143,0.497840642406143
"Akr1b10",571,1,1,0.509171331449149,0.509171331449149
"Akr1b7",572,1,1,0.500183083119736,0.500183083119736
"Bpgm",573,1,1,0.521309084504005,0.521309084504005
"Dgki",574,1,1,0.500650657674033,0.500650657674033
"Atp6v0a4",575,1,1,0.499500998003992,0.499500998003992
"Tbxas1",576,1,1,0.5,0.5
"Ndufb2",577,1,1,0.476256750504849,0.476256750504849
"Agk",578,1,1,0.501750435416242,0.501750435416242
"Mgam",579,1,1,0.499784941285499,0.499784941285499
"Gstk1",580,1,1,0.510229266841637,0.510229266841637
"Tpk1",581,1,1,0.501037288294155,0.501037288294155
"Ezh2",582,1,1,0.475691056554047,0.475691056554047
"Atp6v0e2",583,1,1,0.499600213706604,0.499600213706604
"Aoc1",584,1,1,0.499500998003992,0.499500998003992
"Hibadh",585,1,1,0.527241379562369,0.527241379562369
"Ggct",586,1,1,0.53919897298044,0.53919897298044
"Inmt",587,1,1,0.500732332478945,0.500732332478945
"Pde1c",588,1,1,0.499241904327559,0.499241904327559
"Nt5c3",589,1,1,0.506097837280401,0.506097837280401
"Hpgds",590,1,1,0.502628942042681,0.502628942042681
"Rpia",591,1,1,0.520633942660267,0.520633942660267
"Smyd1",592,1,1,0.449314845227158,0.449314845227158
"St3gal5",593,1,1,0.447931306921127,0.447931306921127
"Ggcx",594,1,1,0.51656061732266,0.51656061732266
"Mat2a",595,1,1,0.498386054693981,0.498386054693981
"Retsat",596,1,1,0.51125266859178,0.51125266859178
"Suclg1",597,1,1,0.442908580495545,0.442908580495545
"Hk2",598,1,1,0.534637060554833,0.534637060554833
"Mogs",599,1,1,0.525230206010535,0.525230206010535
"Mthfd2",600,1,1,0.449411868317557,0.449411868317557
"Dguok",601,1,1,0.511782001723393,0.511782001723393
"Atp6v1b1",602,1,1,0.499500998003992,0.499500998003992
"Nagk",603,1,1,0.529541795208558,0.529541795208558
"Cyp26b1",604,1,1,0.50650401869275,0.50650401869275
"Spr",605,1,1,0.531345766906319,0.531345766906319
"Nat8f3",606,1,1,0.500183083119736,0.500183083119736
"Nat8f5",607,1,1,0.5,0.5
"Nat8f2",608,1,1,0.500183083119736,0.500183083119736
"Nat8f1",609,1,1,0.499813627961945,0.499813627961945
"Pcyox1",610,1,1,0.520929579873574,0.520929579873574
"Gfpt1",611,1,1,0.536100811924302,0.536100811924302
"Rpn1",612,1,1,0.551114906766474,0.551114906766474
"Mgll",613,1,1,0.503340444705609,0.503340444705609
"Txnrd3",614,1,1,0.497212459007287,0.497212459007287
"Chst13",615,1,1,0.500549249359209,0.500549249359209
"Uroc1",616,1,1,0.5,0.5
"Aldh1l1",617,1,1,0.499701439303743,0.499701439303743
"Suclg2",618,1,1,0.513672216168176,0.513672216168176
"Eogt",619,1,1,0.5079025398489,0.5079025398489
"Gxylt2",620,1,1,0.522483045626068,0.522483045626068
"Setmar",621,1,1,0.499074169493309,0.499074169493309
"Mtmr14",622,1,1,0.508019844602264,0.508019844602264
"Alox5",623,1,1,0.508191233790201,0.508191233790201
"Csgalnact2",624,1,1,0.50405962151128,0.50405962151128
"B4galnt3",625,1,1,0.500965662961883,0.500965662961883
"Atp6v1e1",626,1,1,0.478223340941698,0.478223340941698
"Rimklb",627,1,1,0.500183083119736,0.500183083119736
"Lpcat3",628,1,1,0.503385575973648,0.503385575973648
"Eno2",629,1,1,0.500271153043601,0.500271153043601
"Tpi1",630,1,1,0.459483449797585,0.459483449797585
"Gapdh",631,1,1,0.475789175950552,0.475789175950552
"Ndufa9",632,1,1,0.478932650992413,0.478932650992413
"Tigar",633,1,1,0.495231433873374,0.495231433873374
"Gucy2c",634,1,1,0.500183083119736,0.500183083119736
"Pde6h",635,1,1,0.504260062811031,0.504260062811031
"Dera",636,1,1,0.509573310354758,0.509573310354758
"Mgst1",637,1,1,0.511882496449795,0.511882496449795
"Pik3c2g",638,1,1,0.5,0.5
"Pde3a",639,1,1,0.513873205620981,0.513873205620981
"Gys2",640,1,1,0.5,0.5
"Ldhb",641,1,1,0.492523192355677,0.492523192355677
"Cmas",642,1,1,0.505565215230469,0.505565215230469
"St8sia1",643,1,1,0.5,0.5
"Etnk1",644,1,1,0.512615377081794,0.512615377081794
"Bcat1",645,1,1,0.514622348126888,0.514622348126888
"Ndufa3",646,1,1,0.509864379625955,0.509864379625955
"Mboat7",647,1,1,0.531799820351973,0.531799820351973
"Tmem86b",648,1,1,0.49851194717851,0.49851194717851
"Kmt5c",649,1,1,0.501682647155341,0.501682647155341
"Cox6b2",650,1,1,0.515162827037247,0.515162827037247
"Slc27a5",651,1,1,0.499500998003992,0.499500998003992
"Pla2g4c",652,1,1,0.50227245984048,0.50227245984048
"Sult2a8",653,1,1,0.500183083119736,0.500183083119736
"Fkrp",654,1,1,0.508971621020135,0.508971621020135
"Ckm",655,1,1,0.499469205126912,0.499469205126912
"Ethe1",656,1,1,0.497970920115097,0.497970920115097
"Pafah1b3",657,1,1,0.462859524451646,0.462859524451646
"Bckdha",658,1,1,0.494694243881333,0.494694243881333
"Cyp2s1",659,1,1,0.500100860161771,0.500100860161771
"Cyp2f2",660,1,1,0.5,0.5
"Itpkc",661,1,1,0.502051006007027,0.502051006007027
"Blvrb",662,1,1,0.566137589339812,0.566137589339812
"Pld3",663,1,1,0.509296858498309,0.509296858498309
"Sirt2",664,1,1,0.457710357388482,0.457710357388482
"Cox7a1",665,1,1,0.497085835652021,0.497085835652021
"Prodh2",666,1,1,0.5,0.5
"Kmt2b",667,1,1,0.510650796539473,0.510650796539473
"Cox6b1",668,1,1,0.4569539061752,0.4569539061752
"Atp4a",669,1,1,0.5,0.5
"Gapdhs",670,1,1,0.5,0.5
"Gpi1",671,1,1,0.465053050252479,0.465053050252479
"Chst8",672,1,1,0.502569010642209,0.502569010642209
"Il4i1",673,1,1,0.497958678030245,0.497958678030245
"Cpt1c",674,1,1,0.509221944247718,0.509221944247718
"Gys1",675,1,1,0.491402767515134,0.491402767515134
"Dhdh",676,1,1,0.500587254637558,0.500587254637558
"Bcat2",677,1,1,0.518840020435146,0.518840020435146
"Fut1",678,1,1,0.5,0.5
"Fut2",679,1,1,0.500549249359209,0.500549249359209
"Sec1",680,1,1,0.497827852168238,0.497827852168238
"Sphk2",681,1,1,0.510355890196904,0.510355890196904
"Sult2b1",682,1,1,0.496540606081868,0.496540606081868
"Tph1",683,1,1,0.500151655678025,0.500151655678025
"Ldha",684,1,1,0.494966127795672,0.494966127795672
"Ldhc",685,1,1,0.5,0.5
"Mcee",686,1,1,0.500415317296568,0.500415317296568
"Chsy1",687,1,1,0.508162547113755,0.508162547113755
"Aldh1a3",688,1,1,0.509998677123965,0.509998677123965
"Cers3",689,1,1,0.49891940761465,0.49891940761465
"Anpep",690,1,1,0.500570810045964,0.500570810045964
"Idh2",691,1,1,0.448875774631623,0.448875774631623
"Hddc3",692,1,1,0.504154634707151,0.504154634707151
"Man2a2",693,1,1,0.498885970278411,0.498885970278411
"Pde8a",694,1,1,0.508496372323095,0.508496372323095
"Fah",695,1,1,0.5018549499317,0.5018549499317
"Folh1",696,1,1,0.5,0.5
"Tyr",697,1,1,0.5,0.5
"Me3",698,1,1,0.495835681255578,0.495835681255578
"Alg8",699,1,1,0.508614225229512,0.508614225229512
"Ndufc2",700,1,1,0.476114778864095,0.476114778864095
"B3gnt6",701,1,1,0.500183083119736,0.500183083119736
"Acer3",702,1,1,0.512413656758252,0.512413656758252
"Dgat2",703,1,1,0.503454095105286,0.503454095105286
"Mogat2",704,1,1,0.498686259849397,0.498686259849397
"Neu3",705,1,1,0.499509220299789,0.499509220299789
"Lipt2",706,1,1,0.507160157897314,0.507160157897314
"Pgm2l1",707,1,1,0.515519309239449,0.515519309239449
"P4ha3",708,1,1,0.526245385464881,0.526245385464881
"Pde2a",709,1,1,0.500883622721602,0.500883622721602
"Tomt",710,1,1,0.500016810026962,0.500016810026962
"Rrm1",711,1,1,0.509896903373772,0.509896903373772
"Smpd1",712,1,1,0.51862642346212,0.51862642346212
"Cyb5r2",713,1,1,0.499285939289491,0.499285939289491
"Ampd3",714,1,1,0.500743295540008,0.500743295540008
"Galnt18",715,1,1,0.504850058213854,0.504850058213854
"Pde3b",716,1,1,0.506711585982192,0.506711585982192
"Cyp2r1",717,1,1,0.503315595100535,0.503315595100535
"Pik3c2a",718,1,1,0.525568599161984,0.525568599161984
"Xylt1",719,1,1,0.500196238793011,0.500196238793011
"Coq7",720,1,1,0.46139924471818,0.46139924471818
"Acsm4",721,1,1,0.5,0.5
"Acsm3",722,1,1,0.500183083119736,0.500183083119736
"Uqcrc2",723,1,1,0.4468960285215,0.4468960285215
"Ears2",724,1,1,0.497389147008071,0.497389147008071
"Ndufab1",725,1,1,0.459260168787288,0.459260168787288
"Gdpd3",726,1,1,0.499220526358488,0.499220526358488
"Aldoa",727,1,1,0.446778541050451,0.446778541050451
"Cdipt",728,1,1,0.527767606493348,0.527767606493348
"Qprt",729,1,1,0.5,0.5
"Dctpp1",730,1,1,0.472222892187065,0.472222892187065
"Sephs2",731,1,1,0.509842270786147,0.509842270786147
"Setd1a",732,1,1,0.516229898313954,0.516229898313954
"Hsd3b7",733,1,1,0.499684081123728,0.499684081123728
"Vkorc1",734,1,1,0.535234912818084,0.535234912818084
"Cox6a2",735,1,1,0.500150924807288,0.500150924807288
"Inpp5f",736,1,1,0.508776843968599,0.508776843968599
"Plpp4",737,1,1,0.5,0.5
"Pstk",738,1,1,0.511540997097712,0.511540997097712
"Acadsb",739,1,1,0.513818755751039,0.513818755751039
"Chst15",740,1,1,0.499579383890586,0.499579383890586
"Oat",741,1,1,0.555032373919316,0.555032373919316
"Lhpp",742,1,1,0.507880065573723,0.507880065573723
"Uros",743,1,1,0.499981728231563,0.499981728231563
"Inpp5a",744,1,1,0.518288943899093,0.518288943899093
"Echs1",745,1,1,0.534694616625409,0.534694616625409
"Cyp2e1",746,1,1,0.500183083119736,0.500183083119736
"Urah",747,1,1,0.5002325996122,0.5002325996122
"Sirt3",748,1,1,0.49593745500577,0.49593745500577
"Cox8b",749,1,1,0.499500998003992,0.499500998003992
"B4galnt4",750,1,1,0.499051512500448,0.499051512500448
"Ptdss2",751,1,1,0.506763660522237,0.506763660522237
"Taldo1",752,1,1,0.472762822944371,0.472762822944371
"Pnpla2",753,1,1,0.51050590141577,0.51050590141577
"Nadsyn1",754,1,1,0.498109785555217,0.498109785555217
"Dhcr7",755,1,1,0.509116881579207,0.509116881579207
"Mthfd1l",756,1,1,0.502930791657257,0.502930791657257
"Ust",757,1,1,0.51030345022149,0.51030345022149
"Fuca2",758,1,1,0.499291420820022,0.499291420820022
"Pde7b",759,1,1,0.498470652981843,0.498470652981843
"Aldh8a1",760,1,1,0.500366166239473,0.500366166239473
"Vnn1",761,1,1,0.500183083119736,0.500183083119736
"Enpp1",762,1,1,0.511883044602849,0.511883044602849
"Enpp3",763,1,1,0.501979563392439,0.501979563392439
"Arg1",764,1,1,0.499052243371185,0.499052243371185
"Echdc1",765,1,1,0.505865237668201,0.505865237668201
"Dse",766,1,1,0.511981529434723,0.511981529434723
"Amd2",767,1,1,0.503311027158426,0.503311027158426
"Hs3st5",768,1,1,0.499867164243465,0.499867164243465
"Amd1",769,1,1,0.483705785061148,0.483705785061148
"Ddo",770,1,1,0.499684081123728,0.499684081123728
"Fig4",771,1,1,0.499081478200684,0.499081478200684
"Ak9",772,1,1,0.5,0.5
"Smpd2",773,1,1,0.483768457226886,0.483768457226886
"Pdss2",774,1,1,0.498182141758227,0.498182141758227
"Nus1",775,1,1,0.528754647424302,0.528754647424302
"Man1a",776,1,1,0.505689645973523,0.505689645973523
"P4ha1",777,1,1,0.550980974703833,0.550980974703833
"Chst3",778,1,1,0.501147284340144,0.501147284340144
"Psap",779,1,1,0.532061289358303,0.532061289358303
"Pcbd1",780,1,1,0.488269341945914,0.488269341945914
"Sgpl1",781,1,1,0.505260807568313,0.505260807568313
"Ppa1",782,1,1,0.485077264000012,0.485077264000012
"Hk1",783,1,1,0.50627141908055,0.50627141908055
"Hkdc1",784,1,1,0.499368162247457,0.499368162247457
"Sirt1",785,1,1,0.511165694974021,0.511165694974021
"Ado",786,1,1,0.507874401325507,0.507874401325507
"Ipmk",787,1,1,0.502051736877764,0.502051736877764
"Upb1",788,1,1,0.500549249359209,0.500549249359209
"Ggt1",789,1,1,0.499368162247457,0.499368162247457
"Ggt5",790,1,1,0.500233330482937,0.500233330482937
"Gstt3",791,1,1,0.502449878712001,0.502449878712001
"Gstt1",792,1,1,0.501348273792949,0.501348273792949
"Gstt4",793,1,1,0.500366166239473,0.500366166239473
"Gstt2",794,1,1,0.502834134002226,0.502834134002226
"Mif",795,1,1,0.464120459191467,0.464120459191467
"Lss",796,1,1,0.518544200504155,0.518544200504155
"Pofut2",797,1,1,0.571494506410102,0.571494506410102
"Pfkl",798,1,1,0.515824447772342,0.515824447772342
"Agpat3",799,1,1,0.428633213251271,0.428633213251271
"Pdxk",800,1,1,0.50869571731674,0.50869571731674
"Plpp2",801,1,1,0.498758433334722,0.498758433334722
"Gpx4",802,1,1,0.491019243095647,0.491019243095647
"Atp5d",803,1,1,0.465904514661632,0.465904514661632
"Ndufs7",804,1,1,0.468687122276867,0.468687122276867
"Gamt",805,1,1,0.449231343245402,0.449231343245402
"Uqcr11",806,1,1,0.442723852916649,0.442723852916649
"Dot1l",807,1,1,0.49184604061741,0.49184604061741
"Nmrk2",808,1,1,0.496062068466509,0.496062068466509
"Pip5k1c",809,1,1,0.510612243108072,0.510612243108072
"Sirt6",810,1,1,0.511978605951773,0.511978605951773
"Txnrd1",811,1,1,0.552848714873439,0.552848714873439
"Chst11",812,1,1,0.521856141251002,0.521856141251002
"Aldh1l2",813,1,1,0.486961266043526,0.486961266043526
"Chpt1",814,1,1,0.473706377066446,0.473706377066446
"Lta4h",815,1,1,0.519004283633392,0.519004283633392
"Hal",816,1,1,0.501647748077627,0.501647748077627
"Amdhd1",817,1,1,0.501167017850056,0.501167017850056
"Ndufa12",818,1,1,0.446354818740403,0.446354818740403
"Galnt4",819,1,1,0.514683558551151,0.514683558551151
"Csl",820,1,1,0.498685894414028,0.498685894414028
"Mgat4c",821,1,1,0.5,0.5
"Acss3",822,1,1,0.500599679440095,0.500599679440095
"Tph2",823,1,1,0.500782579842147,0.500782579842147
"Gns",824,1,1,0.543279607025422,0.543279607025422
"Cyp27b1",825,1,1,0.500050247363201,0.500050247363201
"B4galnt1",826,1,1,0.504650165067156,0.504650165067156
"Pip4k2c",827,1,1,0.518187535584269,0.518187535584269
"Ndufa4l2",828,1,1,0.500416413602674,0.500416413602674
"Shmt2",829,1,1,0.501026873386146,0.501026873386146
"Rdh1",830,1,1,0.500183083119736,0.500183083119736
"Rdh9",831,1,1,0.5,0.5
"Rdh16",832,1,1,0.500549249359209,0.500549249359209
"Ptges3",833,1,1,0.501599145173586,0.501599145173586
"Atp5b",834,1,1,0.455388929208591,0.455388929208591
"Gls2",835,1,1,0.508140438273947,0.508140438273947
"Cs",836,1,1,0.504007912406604,0.504007912406604
"Suox",837,1,1,0.50087393868433,0.50087393868433
"Dgka",838,1,1,0.497238222200783,0.497238222200783
"Rdh5",839,1,1,0.510401204182627,0.510401204182627
"Pnpla6",840,1,1,0.516680114688236,0.516680114688236
"Cers4",841,1,1,0.530688714113333,0.530688714113333
"Atp4b",842,1,1,0.5,0.5
"Agpat5",843,1,1,0.485017698034908,0.485017698034908
"Alg11",844,1,1,0.518609978870527,0.518609978870527
"Gpat4",845,1,1,0.51747804281587,0.51747804281587
"Ido2",846,1,1,0.5,0.5
"Ido1",847,1,1,0.500732332478945,0.500732332478945
"Nsd3",848,1,1,0.521818318690338,0.521818318690338
"Plpp5",849,1,1,0.526674223870092,0.526674223870092
"Hgsnat",850,1,1,0.515853865319526,0.515853865319526
"Pomk",851,1,1,0.498405057333155,0.498405057333155
"Fnta",852,1,1,0.504611063482701,0.504611063482701
"Got1l1",853,1,1,0.497870790824064,0.497870790824064
"Gsr",854,1,1,0.484663408444919,0.484663408444919
"Tusc3",855,1,1,0.578890918273303,0.578890918273303
"Mtmr7",856,1,1,0.501868105604975,0.501868105604975
"Asah1",857,1,1,0.514131385708992,0.514131385708992
"Acsl1",858,1,1,0.503157727021241,0.503157727021241
"Enpp6",859,1,1,0.501098498718418,0.501098498718418
"Dctd",860,1,1,0.505524469186855,0.505524469186855
"Aga",861,1,1,0.543736218518657,0.543736218518657
"Galnt7",862,1,1,0.530842745121255,0.530842745121255
"Galntl6",863,1,1,0.500366166239473,0.500366166239473
"Aadat",864,1,1,0.499173385195921,0.499173385195921
"Cbr4",865,1,1,0.493560297932147,0.493560297932147
"Msmo1",866,1,1,0.480170197868635,0.480170197868635
"Nat1",867,1,1,0.5,0.5
"Nat2",868,1,1,0.507106256180426,0.507106256180426
"Nat3",869,1,1,0.5,0.5
"Csgalnact1",870,1,1,0.541309362234886,0.541309362234886
"Lpl",871,1,1,0.532944546644536,0.532944546644536
"Atp6v1b2",872,1,1,0.503409146554931,0.503409146554931
"Ndufa13",873,1,1,0.453088513562403,0.453088513562403
"Cers1",874,1,1,0.500183083119736,0.500183083119736
"Pde4c",875,1,1,0.5,0.5
"Pgls",876,1,1,0.50803099038101,0.50803099038101
"Colgalt1",877,1,1,0.566865902029701,0.566865902029701
"B3gnt3",878,1,1,0.501098498718418,0.501098498718418
"Large1",879,1,1,0.509337604541923,0.509337604541923
"Hmox1",880,1,1,0.522623190089977,0.522623190089977
"Inpp4b",881,1,1,0.498188354159495,0.498188354159495
"Ndufb7",882,1,1,0.459065391735752,0.459065391735752
"Tecr",883,1,1,0.470872425781904,0.470872425781904
"Mri1",884,1,1,0.507793640109017,0.507793640109017
"Gcdh",885,1,1,0.521299583184418,0.521299583184418
"Man2b1",886,1,1,0.531153547902364,0.531153547902364
"Gpt2",887,1,1,0.483058416305434,0.483058416305434
"Adcy7",888,1,1,0.524407610995512,0.524407610995512
"Lpcat2",889,1,1,0.499763563316428,0.499763563316428
"Ces1c",890,1,1,0.5,0.5
"Got2",891,1,1,0.485883597141126,0.485883597141126
"Tk2",892,1,1,0.49713937193354,0.49713937193354
"Car7",893,1,1,0.499023922130108,0.499023922130108
"Ces2b",894,1,1,0.499500998003992,0.499500998003992
"Ces2c",895,1,1,0.5,0.5
"Ces2e",896,1,1,0.500049699210148,0.500049699210148
"Ces2f",897,1,1,0.499684081123728,0.499684081123728
"Ces2g",898,1,1,0.5020139143171,0.5020139143171
"Hsd11b2",899,1,1,0.499368162247457,0.499368162247457
"Atp6v0d1",900,1,1,0.531486276805598,0.531486276805598
"Lcat",901,1,1,0.497546466934311,0.497546466934311
"Pla2g15",902,1,1,0.508254088673623,0.508254088673623
"Smpd3",903,1,1,0.514453516986532,0.514453516986532
"Nqo1",904,1,1,0.544289487666922,0.544289487666922
"Dhodh",905,1,1,0.505591709294702,0.505591709294702
"St3gal2",906,1,1,0.519462722303471,0.519462722303471
"Ldhd",907,1,1,0.498602209714588,0.498602209714588
"Chst5",908,1,1,0.500183083119736,0.500183083119736
"Gcsh",909,1,1,0.511195112521204,0.511195112521204
"Bco1",910,1,1,0.500366166239473,0.500366166239473
"Plcg2",911,1,1,0.504946898586569,0.504946898586569
"Hsd17b2",912,1,1,0.499052243371185,0.499052243371185
"Mlycd",913,1,1,0.490039510872068,0.490039510872068
"Cox4i1",914,1,1,0.453512418590136,0.453512418590136
"Car5a",915,1,1,0.500232965047569,0.500232965047569
"Mvd",916,1,1,0.507693693535668,0.507693693535668
"Aprt",917,1,1,0.527270614391868,0.527270614391868
"Galns",918,1,1,0.515319964245804,0.515319964245804
"Acsf3",919,1,1,0.506797646011529,0.506797646011529
"Galnt2",920,1,1,0.502662562096605,0.502662562096605
"Gnpat",921,1,1,0.497042531560826,0.497042531560826
"Ntpcr",922,1,1,0.50971984993762,0.50971984993762
"Pdhb",923,1,1,0.457673265698555,0.457673265698555
"Acox2",924,1,1,0.500915415598682,0.500915415598682
"Fhit",925,1,1,0.500902259925407,0.500902259925407
"Oxsm",926,1,1,0.489575042518405,0.489575042518405
"Ndst2",927,1,1,0.506916047070999,0.506916047070999
"Adk",928,1,1,0.496587016373697,0.496587016373697
"Chdh",929,1,1,0.5,0.5
"Tkt",930,1,1,0.562774304923657,0.562774304923657
"Btd",931,1,1,0.513818024880301,0.513818024880301
"Galnt15",932,1,1,0.499684081123728,0.499684081123728
"Ogdhl",933,1,1,0.498202240703507,0.498202240703507
"Chat",934,1,1,0.500183083119736,0.500183083119736
"Glud1",935,1,1,0.555265156249201,0.555265156249201
"Gnpnat1",936,1,1,0.532288042004603,0.532288042004603
"Gch1",937,1,1,0.507099861061473,0.507099861061473
"Pnp",938,1,1,0.572392563828769,0.572392563828769
"Pnp2",939,1,1,0.499418409610658,0.499418409610658
"Dad1",940,1,1,0.527062316231689,0.527062316231689
"Thtpa",941,1,1,0.500965662961883,0.500965662961883
"Dhrs4",942,1,1,0.50805273378545,0.50805273378545
"Pck2",943,1,1,0.494355485294515,0.494355485294515
"Gmpr2",944,1,1,0.502076769200522,0.502076769200522
"Adcy4",945,1,1,0.502795580570825,0.502795580570825
"Atp12a",946,1,1,0.5,0.5
"Cryl1",947,1,1,0.505463806915645,0.505463806915645
"Setdb2",948,1,1,0.503628042340803,0.503628042340803
"Mtmr6",949,1,1,0.508781960063761,0.508781960063761
"Fdft1",950,1,1,0.498881036900933,0.498881036900933
"Tdh",951,1,1,0.5,0.5
"Extl3",952,1,1,0.520697711132111,0.520697711132111
"Gulo",953,1,1,0.5,0.5
"Ephx2",954,1,1,0.499255242718518,0.499255242718518
"Sucla2",955,1,1,0.468345440207099,0.468345440207099
"Dgkh",956,1,1,0.51252401823961,0.51252401823961
"Dct",957,1,1,0.500884170874655,0.500884170874655
"Hs6st3",958,1,1,0.500050247363201,0.500050247363201
"Pcca",959,1,1,0.496953548048539,0.496953548048539
"Gucy1a2",960,1,1,0.506870184932223,0.506870184932223
"Aasdhppt",961,1,1,0.482783426190461,0.482783426190461
"Mtmr2",962,1,1,0.520424000040929,0.520424000040929
"Fut4",963,1,1,0.505598104413655,0.505598104413655
"Dnmt1",964,1,1,0.505563388053625,0.505563388053625
"Pde4a",965,1,1,0.509644204816292,0.509644204816292
"Acp5",966,1,1,0.498885970278411,0.498885970278411
"Pigyl",967,1,1,0.506580394684816,0.506580394684816
"B3gat1",968,1,1,0.500183083119736,0.500183083119736
"Acad8",969,1,1,0.509467516815509,0.509467516815509
"St3gal4",970,1,1,0.535386020343056,0.535386020343056
"Stt3a",971,1,1,0.535676541461201,0.535676541461201
"Sc5d",972,1,1,0.515810378510646,0.515810378510646
"Dpagt1",973,1,1,0.526829899337173,0.526829899337173
"Hmbs",974,1,1,0.503417003415359,0.503417003415359
"Kmt2a",975,1,1,0.503840725725408,0.503840725725408
"Atp5l",976,1,1,0.44951528652691,0.44951528652691
"Pafah1b2",977,1,1,0.479984008548264,0.479984008548264
"Nnmt",978,1,1,0.531884053204466,0.531884053204466
"Pts",979,1,1,0.45803029605381,0.45803029605381
"Sdhd",980,1,1,0.425767834525018,0.425767834525018
"Dlat",981,1,1,0.452893188357814,0.452893188357814
"Alg9",982,1,1,0.513632566430668,0.513632566430668
"Acat1",983,1,1,0.498915022390225,0.498915022390225
"Idh3a",984,1,1,0.433226370400905,0.433226370400905
"Acsbg1",985,1,1,0.517883493357481,0.517883493357481
"Hykk",986,1,1,0.499352265808917,0.499352265808917
"Man2c1",987,1,1,0.498950104185624,0.498950104185624
"Ppcdc",988,1,1,0.506092173032185,0.506092173032185
"Cox5a",989,1,1,0.455811555212534,0.455811555212534
"Mpi",990,1,1,0.517562823821416,0.517562823821416
"Cyp1a2",991,1,1,0.5,0.5
"Cyp1a1",992,1,1,0.501830831197364,0.501830831197364
"Cyp11a1",993,1,1,0.49905242608887,0.49905242608887
"Adpgk",994,1,1,0.531752679189406,0.531752679189406
"Hexa",995,1,1,0.538345315959074,0.538345315959074
"Pkm",996,1,1,0.487516362368635,0.487516362368635
"Glce",997,1,1,0.497297422730518,0.497297422730518
"Hacd3",998,1,1,0.499844689968288,0.499844689968288
"Mtfmt",999,1,1,0.508196167167679,0.508196167167679
"Car12",1000,1,1,0.503753752107649,0.503753752107649
"Gcnt3",1001,1,1,0.5,0.5
"Lipc",1002,1,1,0.500366166239473,0.500366166239473
"Aldh1a2",1003,1,1,0.504314695398657,0.504314695398657
"Pigb",1004,1,1,0.495125823051809,0.495125823051809
"Hmgcll1",1005,1,1,0.5028706775391,0.5028706775391
"Gclc",1006,1,1,0.510373248376919,0.510373248376919
"Elovl5",1007,1,1,0.52467236892016,0.52467236892016
"Gsta4",1008,1,1,0.513185456257021,0.513185456257021
"Gsta1",1009,1,1,0.500397045528131,0.500397045528131
"Gm3776",1010,1,1,0.499500449850939,0.499500449850939
"Gm10639",1011,1,1,0.500183083119736,0.500183083119736
"Gsta2",1012,1,1,0.500569531022174,0.500569531022174
"Cox7a2",1013,1,1,0.464540161712459,0.464540161712459
"Elovl4",1014,1,1,0.498201327115085,0.498201327115085
"Bckdhb",1015,1,1,0.510982977289654,0.510982977289654
"Pgm3",1016,1,1,0.51853104483088,0.51853104483088
"Me1",1017,1,1,0.512466096733666,0.512466096733666
"Cyb5r4",1018,1,1,0.503285081247246,0.503285081247246
"Nt5e",1019,1,1,0.502391043617635,0.502391043617635
"Mthfsl",1020,1,1,0.5031886063099,0.5031886063099
"Mthfs",1021,1,1,0.49477317792098,0.49477317792098
"Plod2",1022,1,1,0.540063593062867,0.540063593062867
"Chst2",1023,1,1,0.566247402668117,0.566247402668117
"Nmnat3",1024,1,1,0.506070977780799,0.506070977780799
"Pik3cb",1025,1,1,0.517662404959397,0.517662404959397
"Pccb",1026,1,1,0.488498652639795,0.488498652639795
"Nudt16",1027,1,1,0.497353151624251,0.497353151624251
"Glyctk",1028,1,1,0.494106258373038,0.494106258373038
"Alas1",1029,1,1,0.524775787129512,0.524775787129512
"Acy1",1030,1,1,0.504854991591332,0.504854991591332
"Hyal2",1031,1,1,0.520772442665018,0.520772442665018
"Hyal1",1032,1,1,0.489221849234523,0.489221849234523
"Hyal3",1033,1,1,0.501113664286221,0.501113664286221
"Gmppb",1034,1,1,0.520029877995748,0.520029877995748
"Amt",1035,1,1,0.500699260578075,0.500699260578075
"Gpx1",1036,1,1,0.571794163412465,0.571794163412465
"Impdh2",1037,1,1,0.546741010838082,0.546741010838082
"Uqcrc1",1038,1,1,0.472552880325033,0.472552880325033
"Pfkfb4",1039,1,1,0.510288467371372,0.510288467371372
"Nme6",1040,1,1,0.491614902746685,0.491614902746685
"Setd2",1041,1,1,0.510674549838441,0.510674549838441
"Glb1",1042,1,1,0.486089702689093,0.486089702689093
"Gpd1l",1043,1,1,0.501977553497911,0.501977553497911
"Stt3b",1044,1,1,0.547215894099754,0.547215894099754
"Gadl1",1045,1,1,0.49905242608887,0.49905242608887
"Plcd1",1046,1,1,0.511562923219836,0.511562923219836
"Acaa1b",1047,1,1,0.500233513200622,0.500233513200622
"Acaa1a",1048,1,1,0.538555806731466,0.538555806731466
"Xylb",1049,1,1,0.505803661808569,0.505803661808569
"Entpd3",1050,1,1,0.500366166239473,0.500366166239473
"Pomgnt2",1051,1,1,0.498210462999303,0.498210462999303
"Sacm1l",1052,1,1,0.518865966346326,0.518865966346326
"Pla2g3",1053,1,1,0.498869525686818,0.498869525686818
"Inpp5j",1054,1,1,0.500183083119736,0.500183083119736
"Gal3st1",1055,1,1,0.499895302766857,0.499895302766857
"Mtmr3",1056,1,1,0.505723083309763,0.505723083309763
"Uqcr10",1057,1,1,0.447249404523067,0.447249404523067
"Pgam2",1058,1,1,0.471177564314798,0.471177564314798
"Gck",1059,1,1,0.499734328486929,0.499734328486929
"Ogdh",1060,1,1,0.498698501934249,0.498698501934249
"Adcy1",1061,1,1,0.504574154510459,0.504574154510459
"Upp1",1062,1,1,0.502339699948327,0.502339699948327
"Ddc",1063,1,1,0.483207148500509,0.483207148500509
"Ugp2",1064,1,1,0.509920839390425,0.509920839390425
"Mdh1",1065,1,1,0.469276569526637,0.469276569526637
"B3gnt2",1066,1,1,0.500617220337794,0.500617220337794
"Acyp2",1067,1,1,0.501848554812747,0.501848554812747
"Chac2",1068,1,1,0.516165764406741,0.516165764406741
"Pank3",1069,1,1,0.497818350848651,0.497818350848651
"Mat2b",1070,1,1,0.486972777257641,0.486972777257641
"Mgat1",1071,1,1,0.535085449752271,0.535085449752271
"Gfpt2",1072,1,1,0.51528926767483,0.51528926767483
"Mgat4b",1073,1,1,0.482200374059643,0.482200374059643
"Ltc4s",1074,1,1,0.504564835908556,0.504564835908556
"Phykpl",1075,1,1,0.50671651935967,0.50671651935967
"Uqcrq",1076,1,1,0.451524815619585,0.451524815619585
"P4ha2",1077,1,1,0.526278274648067,0.526278274648067
"Acsl6",1078,1,1,0.501999662337719,0.501999662337719
"Gpx3",1079,1,1,0.568159177799655,0.568159177799655
"Galnt10",1080,1,1,0.524474668385675,0.524474668385675
"4930438A08Rik",1081,1,1,0.5,0.5
"Guk1",1082,1,1,0.509466237791718,0.509466237791718
"Nt5m",1083,1,1,0.514806710270415,0.514806710270415
"Pemt",1084,1,1,0.50006358575416,0.50006358575416
"Shmt1",1085,1,1,0.507726400001169,0.507726400001169
"Aldh3a1",1086,1,1,0.498961615399739,0.498961615399739
"Aldh3a2",1087,1,1,0.50845014474895,0.50845014474895
"Pigl",1088,1,1,0.511198036004154,0.511198036004154
"Hs3st3b1",1089,1,1,0.497117811246785,0.497117811246785
"Cox10",1090,1,1,0.49626123074247,0.49626123074247
"Hs3st3a1",1091,1,1,0.502563163676309,0.502563163676309
"Adprm",1092,1,1,0.513712231341053,0.513712231341053
"Pfas",1093,1,1,0.507285136793422,0.507285136793422
"Alox12b",1094,1,1,0.500183083119736,0.500183083119736
"Alox8",1095,1,1,0.499033423449695,0.499033423449695
"Gucy2e",1096,1,1,0.500183083119736,0.500183083119736
"Sat2",1097,1,1,0.500097571243452,0.500097571243452
"Acadvl",1098,1,1,0.508386924430158,0.508386924430158
"Alox12",1099,1,1,0.500649561367927,0.500649561367927
"Alox15",1100,1,1,0.5,0.5
"Pld2",1101,1,1,0.51773786736304,0.51773786736304
"Eno3",1102,1,1,0.417758404830763,0.417758404830763
"Aspa",1103,1,1,0.501660355597849,0.501660355597849
"Pafah1b1",1104,1,1,0.50707756950398,0.50707756950398
"Srr",1105,1,1,0.500699626013444,0.500699626013444
"Inpp5k",1106,1,1,0.505311968519936,0.505311968519936
"Aldoc",1107,1,1,0.50180013462639,0.50180013462639
"Pigs",1108,1,1,0.519974697255069,0.519974697255069
"Nos2",1109,1,1,0.499500998003992,0.499500998003992
"Acaca",1110,1,1,0.523073771899628,0.523073771899628
"Dhrs11",1111,1,1,0.498420040183273,0.498420040183273
"Pigw",1112,1,1,0.506841132820408,0.506841132820408
"Gdpd1",1113,1,1,0.490484428433503,0.490484428433503
"Mtmr4",1114,1,1,0.500138500004751,0.500138500004751
"Mpo",1115,1,1,0.500649561367927,0.500649561367927
"Dgke",1116,1,1,0.508329733794951,0.508329733794951
"Cox11",1117,1,1,0.494273079618865,0.494273079618865
"Nme2",1118,1,1,0.502556403121987,0.502556403121987
"Nme1",1119,1,1,0.487431764080773,0.487431764080773
"Xylt2",1120,1,1,0.507429483764072,0.507429483764072
"Phospho1",1121,1,1,0.5,0.5
"Atp5g1",1122,1,1,0.454049243146808,0.454049243146808
"Pnpo",1123,1,1,0.499853460417137,0.499853460417137
"Pip4k2b",1124,1,1,0.506828708017871,0.506828708017871
"Nt5c3b",1125,1,1,0.505500715887887,0.505500715887887
"Acly",1126,1,1,0.526149275962904,0.526149275962904
"Atp6v0a1",1127,1,1,0.522113773185961,0.522113773185961
"Naglu",1128,1,1,0.503535587192514,0.503535587192514
"Hsd17b1",1129,1,1,0.50078148353604,0.50078148353604
"Coasy",1130,1,1,0.505525017339908,0.505525017339908
"Ezh1",1131,1,1,0.506512423706231,0.506512423706231
"Aoc2",1132,1,1,0.49780830137601,0.49780830137601
"Aoc3",1133,1,1,0.501148928799304,0.501148928799304
"G6pc",1134,1,1,0.5,0.5
"Nags",1135,1,1,0.500366166239473,0.500366166239473
"G6pc3",1136,1,1,0.520212961115484,0.520212961115484
"Plcd3",1137,1,1,0.501302959807226,0.501302959807226
"Atp5h",1138,1,1,0.45356741661313,0.45356741661313
"Nt5c",1139,1,1,0.521109922228045,0.521109922228045
"Galk1",1140,1,1,0.508340514138329,0.508340514138329
"Acox1",1141,1,1,0.507285684946475,0.507285684946475
"Sphk1",1142,1,1,0.508988431047097,0.508988431047097
"Aanat",1143,1,1,0.500183083119736,0.500183083119736
"St6galnac1",1144,1,1,0.5,0.5
"Mgat5b",1145,1,1,0.499734511204614,0.499734511204614
"Tk1",1146,1,1,0.505477876177341,0.505477876177341
"Afmid",1147,1,1,0.500505031679592,0.500505031679592
"Tha1",1148,1,1,0.497213007160341,0.497213007160341
"Pgs1",1149,1,1,0.534354579014801,0.534354579014801
"Cant1",1150,1,1,0.526718258832025,0.526718258832025
"Engase",1151,1,1,0.50245316763032,0.50245316763032
"Gaa",1152,1,1,0.505075166400995,0.505075166400995
"Sgsh",1153,1,1,0.500171023752568,0.500171023752568
"Pde6g",1154,1,1,0.499867895114202,0.499867895114202
"Pcyt2",1155,1,1,0.495624825047817,0.495624825047817
"Sirt7",1156,1,1,0.521025689375551,0.521025689375551
"Pycr1",1157,1,1,0.493077009656995,0.493077009656995
"Dcxr",1158,1,1,0.51148526820398,0.51148526820398
"Cbr2",1159,1,1,0.499551245367193,0.499551245367193
"Rfng",1160,1,1,0.502907769229026,0.502907769229026
"Fasn",1161,1,1,0.51264406375824,0.51264406375824
"Hexdc",1162,1,1,0.495868753156448,0.495868753156448
"Akr1c18",1163,1,1,0.501098498718418,0.501098498718418
"Pfkp",1164,1,1,0.502101253370228,0.502101253370228
"Idi1",1165,1,1,0.479974324510993,0.479974324510993
"Idi2",1166,1,1,0.500183083119736,0.500183083119736
"Mtr",1167,1,1,0.514837589559073,0.514837589559073
"B3galnt2",1168,1,1,0.494932873177117,0.494932873177117
"Ggps1",1169,1,1,0.510215197579941,0.510215197579941
"Gpx5",1170,1,1,0.5,0.5
"Cmah",1171,1,1,0.503478579274991,0.503478579274991
"Aldh5a1",1172,1,1,0.50347602122741,0.50347602122741
"Gpld1",1173,1,1,0.500183083119736,0.500183083119736
"Mboat1",1174,1,1,0.505810605080575,0.505810605080575
"Uqcrfs1",1175,1,1,0.436751908120778,0.436751908120778
"Gmds",1176,1,1,0.515788086953153,0.515788086953153
"Eci3",1177,1,1,0.500283577846139,0.500283577846139
"Eci2",1178,1,1,0.508871491729101,0.508871491729101
"Gcnt2",1179,1,1,0.52107082064359,0.52107082064359
"Elovl2",1180,1,1,0.502480575282975,0.502480575282975
"Sirt5",1181,1,1,0.507787610425433,0.507787610425433
"Gmpr",1182,1,1,0.504616910448601,0.504616910448601
"Tpmt",1183,1,1,0.507458718593571,0.507458718593571
"Ippk",1184,1,1,0.492970485247009,0.492970485247009
"Auh",1185,1,1,0.496974560582241,0.496974560582241
"Sptlc1",1186,1,1,0.511899671912126,0.511899671912126
"Hk3",1187,1,1,0.499500998003992,0.499500998003992
"Nsd1",1188,1,1,0.505376285144833,0.505376285144833
"B4galt7",1189,1,1,0.517902130561287,0.517902130561287
"Pcbd2",1190,1,1,0.501319404398819,0.501319404398819
"Idnk",1191,1,1,0.517368412205249,0.517368412205249
"Fbp2",1192,1,1,0.500549249359209,0.500549249359209
"Fbp1",1193,1,1,0.499734145769245,0.499734145769245
"Uqcrb",1194,1,1,0.483578065399775,0.483578065399775
"Ptdss1",1195,1,1,0.514917985340195,0.514917985340195
"Adcy2",1196,1,1,0.503155534409029,0.503155534409029
"Srd5a1",1197,1,1,0.50170895850189,0.50170895850189
"Ndufs6",1198,1,1,0.463227700585647,0.463227700585647
"Lpcat1",1199,1,1,0.515318685222013,0.515318685222013
"Sdha",1200,1,1,0.487103603119649,0.487103603119649
"Cox7c",1201,1,1,0.44484155087847,0.44484155087847
"Acot12",1202,1,1,0.499867346961149,0.499867346961149
"Ckmt2",1203,1,1,0.5,0.5
"Dhfr",1204,1,1,0.511841202253128,0.511841202253128
"Bhmt",1205,1,1,0.501098498718418,0.501098498718418
"Dmgdh",1206,1,1,0.500183083119736,0.500183083119736
"Arsb",1207,1,1,0.509678738458637,0.509678738458637
"Pde8b",1208,1,1,0.501017920219612,0.501017920219612
"Hmgcr",1209,1,1,0.506051061553203,0.506051061553203
"Gcnt4",1210,1,1,0.512848342129363,0.512848342129363
"Hexb",1211,1,1,0.505594632777652,0.505594632777652
"Mccc2",1212,1,1,0.495238925298433,0.495238925298433
"Ak6",1213,1,1,0.48382966765115,0.48382966765115
"Elovl7",1214,1,1,0.501408753346474,0.501408753346474
"Pde4d",1215,1,1,0.508627563620471,0.508627563620471
"Plpp1",1216,1,1,0.498955037563102,0.498955037563102
"Ndufs4",1217,1,1,0.474389558488296,0.474389558488296
"Mocs2",1218,1,1,0.535784527612662,0.535784527612662
"Nnt",1219,1,1,0.500975346999154,0.500975346999154
"Hmgcs1",1220,1,1,0.495073017641027,0.495073017641027
"Dnmt3a",1221,1,1,0.499848527039659,0.499848527039659
"Adcy3",1222,1,1,0.517546561947507,0.517546561947507
"Nt5c1b",1223,1,1,0.499500998003992,0.499500998003992
"Lpin1",1224,1,1,0.502394149818269,0.502394149818269
"Atp6v1c2",1225,1,1,0.499052608806554,0.499052608806554
"Odc1",1226,1,1,0.526340764096121,0.526340764096121
"Rrm2",1227,1,1,0.469697368353736,0.469697368353736
"Mboat2",1228,1,1,0.507478086668114,0.507478086668114
"Cmpk2",1229,1,1,0.499285939289491,0.499285939289491
"Allc",1230,1,1,0.5,0.5
"Adi1",1231,1,1,0.486452945445616,0.486452945445616
"Acp1",1232,1,1,0.499012959069046,0.499012959069046
"Dld",1233,1,1,0.479979440606155,0.479979440606155
"Pik3cg",1234,1,1,0.499500998003992,0.499500998003992
"Nampt",1235,1,1,0.505586045046487,0.505586045046487
"Dgkb",1236,1,1,0.5,0.5
"Prps1l3",1237,1,1,0.504357451336799,0.504357451336799
"Mgat2",1238,1,1,0.567446030677568,0.567446030677568
"L2hgdh",1239,1,1,0.492293150791058,0.492293150791058
"Pygl",1240,1,1,0.501795383966596,0.501795383966596
"L3hypdh",1241,1,1,0.501268243447196,0.501268243447196
"Sgpp1",1242,1,1,0.525918320809863,0.525918320809863
"Mthfd1",1243,1,1,0.514607913429823,0.514607913429823
"Fntb",1244,1,1,0.501070177477341,0.501070177477341
"Gpx2",1245,1,1,0.500366166239473,0.500366166239473
"Fut8",1246,1,1,0.512827877748713,0.512827877748713
"Gphn",1247,1,1,0.510656460787689,0.510656460787689
"Atp6v1d",1248,1,1,0.496912436569556,0.496912436569556
"Pigh",1249,1,1,0.505999169730842,0.505999169730842
"Arg2",1250,1,1,0.500466660965875,0.500466660965875
"Rdh11",1251,1,1,0.510293766184219,0.510293766184219
"Rdh12",1252,1,1,0.501931325923766,0.501931325923766
"Galnt16",1253,1,1,0.500415682731936,0.500415682731936
"Acot2",1254,1,1,0.506551525290686,0.506551525290686
"Acot1",1255,1,1,0.519742828513606,0.519742828513606
"Acot4",1256,1,1,0.50396131939709,0.50396131939709
"Acot3",1257,1,1,0.499367979529772,0.499367979529772
"Acot5",1258,1,1,0.5,0.5
"Coq6",1259,1,1,0.503396721752394,0.503396721752394
"Entpd5",1260,1,1,0.504462696722995,0.504462696722995
"Aldh6a1",1261,1,1,0.502096685428118,0.502096685428118
"Dlst",1262,1,1,0.512641688428343,0.512641688428343
"Acyp1",1263,1,1,0.518856282309055,0.518856282309055
"Pomt2",1264,1,1,0.524077257422175,0.524077257422175
"Gstz1",1265,1,1,0.49028892051123,0.49028892051123
"Sptlc2",1266,1,1,0.492313980607076,0.492313980607076
"Galc",1267,1,1,0.505719246238391,0.505719246238391
"Dglucy",1268,1,1,0.497293951094515,0.497293951094515
"Itpk1",1269,1,1,0.503057415012524,0.503057415012524
"Cox8c",1270,1,1,0.5,0.5
"Ak7",1271,1,1,0.499684446559097,0.499684446559097
"Cyp46a1",1272,1,1,0.500016992744646,0.500016992744646
"Degs2",1273,1,1,0.499335821217324,0.499335821217324
"Ckb",1274,1,1,0.436896985962166,0.436896985962166
"Adssl1",1275,1,1,0.475635693095683,0.475635693095683
"Pld4",1276,1,1,0.500050247363201,0.500050247363201
"Oxct1",1277,1,1,0.578955052180516,0.578955052180516
"Nadk2",1278,1,1,0.506123052320844,0.506123052320844
"Amacr",1279,1,1,0.490448067614314,0.490448067614314
"Cox6c",1280,1,1,0.4613616048752,0.4613616048752
"Rrm2b",1281,1,1,0.497997779614699,0.497997779614699
"Atp6v1c1",1282,1,1,0.512791699647209,0.512791699647209
"Dpys",1283,1,1,0.500100494726402,0.500100494726402
"Ext1",1284,1,1,0.557075523065915,0.557075523065915
"Enpp2",1285,1,1,0.501464664957891,0.501464664957891
"Ndufb9",1286,1,1,0.455754730012695,0.455754730012695
"Sqle",1287,1,1,0.485170632736724,0.485170632736724
"Adcy8",1288,1,1,0.501098498718418,0.501098498718418
"St3gal1",1289,1,1,0.466417403201652,0.466417403201652
"Naprt",1290,1,1,0.501304969701754,0.501304969701754
"Pycrl",1291,1,1,0.502948332554956,0.502948332554956
"Oplah",1292,1,1,0.500718263217249,0.500718263217249
"Gpaa1",1293,1,1,0.524251752810746,0.524251752810746
"Cyc1",1294,1,1,0.42558383781686,0.42558383781686
"Dgat1",1295,1,1,0.482641819985076,0.482641819985076
"Gpt",1296,1,1,0.497472283554458,0.497472283554458
"Tst",1297,1,1,0.506025481077391,0.506025481077391
"Mpst",1298,1,1,0.504507279837981,0.504507279837981
"Mfng",1299,1,1,0.499500998003992,0.499500998003992
"Pdxp",1300,1,1,0.470574230521016,0.470574230521016
"Gcat",1301,1,1,0.52672977004614,0.52672977004614
"Pla2g6",1302,1,1,0.500004750659794,0.500004750659794
"Mgat3",1303,1,1,0.501288707827845,0.501288707827845
"Adsl",1304,1,1,0.488807445526377,0.488807445526377
"Aco2",1305,1,1,0.450540880889265,0.450540880889265
"Pmm1",1306,1,1,0.551762275522189,0.551762275522189
"Naga",1307,1,1,0.505348694774494,0.505348694774494
"Ndufa6",1308,1,1,0.455254814428265,0.455254814428265
"Cyp2d22",1309,1,1,0.501767062725519,0.501767062725519
"Cyp2d9",1310,1,1,0.5,0.5
"Cyp2d40",1311,1,1,0.5,0.5
"Cyp2d26",1312,1,1,0.5,0.5
"Cyb5r3",1313,1,1,0.535306903585725,0.535306903585725
"A4galt",1314,1,1,0.502100157064121,0.502100157064121
"Mcat",1315,1,1,0.516572128536775,0.516572128536775
"Pnpla3",1316,1,1,0.5,0.5
"Cerk",1317,1,1,0.492590980616577,0.492590980616577
"Alg12",1318,1,1,0.503657825323355,0.503657825323355
"Miox",1319,1,1,0.5,0.5
"Tymp",1320,1,1,0.5,0.5
"Cpt1b",1321,1,1,0.500183083119736,0.500183083119736
"Chkb",1322,1,1,0.497414910201567,0.497414910201567
"Arsa",1323,1,1,0.501670770505857,0.501670770505857
"Alg10b",1324,1,1,0.504594253455739,0.504594253455739
"Gxylt1",1325,1,1,0.527732159262581,0.527732159262581
"Pfkm",1326,1,1,0.498181593605173,0.498181593605173
"Adcy6",1327,1,1,0.510262338742508,0.510262338742508
"Kmt2d",1328,1,1,0.503256211853115,0.503256211853115
"Gpd1",1329,1,1,0.501234257957903,0.501234257957903
"Cers5",1330,1,1,0.512280455566348,0.512280455566348
"Galnt6",1331,1,1,0.499684081123728,0.499684081123728
"Soat2",1332,1,1,0.501066705841338,0.501066705841338
"Csad",1333,1,1,0.510789479261908,0.510789479261908
"Atp5g2",1334,1,1,0.466800744903456,0.466800744903456
"Pde1b",1335,1,1,0.501432323927758,0.501432323927758
"Adcy9",1336,1,1,0.502820430175899,0.502820430175899
"Hmox2",1337,1,1,0.517689629894367,0.517689629894367
"Alg1",1338,1,1,0.512085495797128,0.512085495797128
"Abat",1339,1,1,0.50239250535911,0.50239250535911
"Pmm2",1340,1,1,0.519907457147222,0.519907457147222
"Pi4ka",1341,1,1,0.517499055349572,0.517499055349572
"Smpd4",1342,1,1,0.505085215873635,0.505085215873635
"Car15",1343,1,1,0.5,0.5
"Prodh",1344,1,1,0.522073940730768,0.522073940730768
"Comt",1345,1,1,0.535771371939388,0.535771371939388
"Txnrd2",1346,1,1,0.510256309058924,0.510256309058924
"B3gnt5",1347,1,1,0.510887050505361,0.510887050505361
"Alg3",1348,1,1,0.507313275316814,0.507313275316814
"Ehhadh",1349,1,1,0.501098498718418,0.501098498718418
"Dgkg",1350,1,1,0.500749325223592,0.500749325223592
"St6gal1",1351,1,1,0.50360447175952,0.50360447175952
"Xxylt1",1352,1,1,0.519340301454944,0.519340301454944
"Bdh1",1353,1,1,0.504266092494615,0.504266092494615
"Pigz",1354,1,1,0.5,0.5
"Pigx",1355,1,1,0.514517468176061,0.514517468176061
"Pcyt1a",1356,1,1,0.528251077486185,0.528251077486185
"Umps",1357,1,1,0.513894400872367,0.513894400872367
"Hacd2",1358,1,1,0.510427880964545,0.510427880964545
"Adcy5",1359,1,1,0.499684081123728,0.499684081123728
"Hgd",1360,1,1,0.500915415598682,0.500915415598682
"Ndufb4",1361,1,1,0.470699940287861,0.470699940287861
"Cox17",1362,1,1,0.429900725827729,0.429900725827729
"Pla1a",1363,1,1,0.501767245443204,0.501767245443204
"Poglut1",1364,1,1,0.517235759166398,0.517235759166398
"B4galt4",1365,1,1,0.508562516124836,0.508562516124836
"Atp6v1a",1366,1,1,0.555647584362582,0.555647584362582
"Gm4737",1367,1,1,0.500501377325905,0.500501377325905
"Nit2",1368,1,1,0.497804829740007,0.497804829740007
"St3gal6",1369,1,1,0.496573860700423,0.496573860700423
"Cpox",1370,1,1,0.510854709475227,0.510854709475227
"Gbe1",1371,1,1,0.500472507931775,0.500472507931775
"Atp5j",1372,1,1,0.477309204366806,0.477309204366806
"Synj1",1373,1,1,0.505886615637272,0.505886615637272
"Gart",1374,1,1,0.498446168812138,0.498446168812138
"Atp5o",1375,1,1,0.499684081123728,0.499684081123728
"Cbr1",1376,1,1,0.498871901016714,0.498871901016714
"Cbr3",1377,1,1,0.556780616723346,0.556780616723346
"Hlcs",1378,1,1,0.505394739630954,0.505394739630954
"Pigp",1379,1,1,0.486017163768399,0.486017163768399
"B3galt5",1380,1,1,0.500265671513071,0.500265671513071
"Ldhal6b",1381,1,1,0.501929133311553,0.501929133311553
"Synj2",1382,1,1,0.509937649417386,0.509937649417386
"Pde10a",1383,1,1,0.514691598129263,0.514691598129263
"Agpat4",1384,1,1,0.536143019709391,0.536143019709391
"Acat3",1385,1,1,0.501064513229126,0.501064513229126
"Acat2",1386,1,1,0.498799727531389,0.498799727531389
"Prdm9",1387,1,1,0.499236240079343,0.499236240079343
"Amdhd2",1388,1,1,0.488865915185374,0.488865915185374
"Atp6v0c",1389,1,1,0.501553831187862,0.501553831187862
"Eci1",1390,1,1,0.492414475333478,0.492414475333478
"Pgp",1391,1,1,0.470348574180822,0.470348574180822
"Ndufb10",1392,1,1,0.454248953575822,0.454248953575822
"Hagh",1393,1,1,0.480470768459419,0.480470768459419
"Fahd1",1394,1,1,0.5138648006075,0.5138648006075
"Nme3",1395,1,1,0.501148746081619,0.501148746081619
"Pigq",1396,1,1,0.504929905841923,0.504929905841923
"Nme4",1397,1,1,0.490543263527869,0.490543263527869
"Atp6v0e",1398,1,1,0.516574503866672,0.516574503866672
"Glo1",1399,1,1,0.477134708978235,0.477134708978235
"Pde9a",1400,1,1,0.500183083119736,0.500183083119736
"Ndufv3",1401,1,1,0.500052257257729,0.500052257257729
"Cbs",1402,1,1,0.498576081085723,0.498576081085723
"Ndufa7",1403,1,1,0.469667768088868,0.469667768088868
"B3galt4",1404,1,1,0.503979225730158,0.503979225730158
"H2-Ke6",1405,1,1,0.508420544484082,0.508420544484082
"Agpat1",1406,1,1,0.523004156461884,0.523004156461884
"Ppt2",1407,1,1,0.520480277087714,0.520480277087714
"Cyp21a1",1408,1,1,0.500183083119736,0.500183083119736
"Ehmt2",1409,1,1,0.51900209102118,0.51900209102118
"Neu1",1410,1,1,0.504535052926004,0.504535052926004
"Atp6v1g2",1411,1,1,0.494333559172391,0.494333559172391
"Pla2g7",1412,1,1,0.500030148417921,0.500030148417921
"Cyp39a1",1413,1,1,0.500882526415495,0.500882526415495
"Enpp4",1414,1,1,0.496394614652058,0.496394614652058
"Gnmt",1415,1,1,0.499917959759719,0.499917959759719
"Mocs1",1416,1,1,0.504859194098073,0.504859194098073
"Ndufa11",1417,1,1,0.470501508882638,0.470501508882638
"Acsbg2",1418,1,1,0.5,0.5
"Acer1",1419,1,1,0.5,0.5
"Nudt12",1420,1,1,0.501367276432123,0.501367276432123
"Man2a1",1421,1,1,0.53484736860954,0.53484736860954
"Ndufv2",1422,1,1,0.474133753730182,0.474133753730182
"Lpin2",1423,1,1,0.487680442849197,0.487680442849197
"Lclat1",1424,1,1,0.529351220663762,0.529351220663762
"Galnt14",1425,1,1,0.499417496022236,0.499417496022236
"Xdh",1426,1,1,0.501617416942022,0.501617416942022
"Srd5a2",1427,1,1,0.5,0.5
"Cyp1b1",1428,1,1,0.514198260381471,0.514198260381471
"Galm",1429,1,1,0.505628618266945,0.505628618266945
"Cox7a2l",1430,1,1,0.467370824078683,0.467370824078683
"Haao",1431,1,1,0.5,0.5
"Camkmt",1432,1,1,0.507098764755367,0.507098764755367
"Atp6v1e2",1433,1,1,0.499500998003992,0.499500998003992
"Pigf",1434,1,1,0.520821228286744,0.520821228286744
"B4galt6",1435,1,1,0.503955655148875,0.503955655148875
"Galnt1",1436,1,1,0.53476660739305,0.53476660739305
"Mocos",1437,1,1,0.497655001238826,0.497655001238826
"Pik3c3",1438,1,1,0.50687383928591,0.50687383928591
"Ndufa2",1439,1,1,0.463161374066221,0.463161374066221
"Gnpda1",1440,1,1,0.505709196765751,0.505709196765751
"Cdo1",1441,1,1,0.500704011237868,0.500704011237868
"Eno1b",1442,1,1,0.522974190761648,0.522974190761648
"Hsd17b4",1443,1,1,0.51315238435615,0.51315238435615
"Prdm6",1444,1,1,0.50554475084982,0.50554475084982
"Aldh7a1",1445,1,1,0.514517650893745,0.514517650893745
"Chsy3",1446,1,1,0.50059949672241,0.50059949672241
"Ndst1",1447,1,1,0.517505450468525,0.517505450468525
"Pde6a",1448,1,1,0.497703238707499,0.497703238707499
"Fech",1449,1,1,0.506068419733218,0.506068419733218
"Impa2",1450,1,1,0.510579353924886,0.510579353924886
"Me2",1451,1,1,0.524106674969358,0.524106674969358
"Acaa2",1452,1,1,0.529577607874694,0.529577607874694
"Lipg",1453,1,1,0.507374485741077,0.507374485741077
"St8sia5",1454,1,1,0.500549249359209,0.500549249359209
"Atp5a1",1455,1,1,0.457560346169616,0.457560346169616
"Cndp1",1456,1,1,0.506351997579356,0.506351997579356
"Cndp2",1457,1,1,0.521676529767269,0.521676529767269
"Cpt1a",1458,1,1,0.512424802536999,0.512424802536999
"Kmt5b",1459,1,1,0.496584823761485,0.496584823761485
"Chka",1460,1,1,0.50322588071751,0.50322588071751
"Tcirg1",1461,1,1,0.499853825852506,0.499853825852506
"Ndufs8",1462,1,1,0.464047920270773,0.464047920270773
"Aldh3b1",1463,1,1,0.495634326367404,0.495634326367404
"Aldh3b3",1464,1,1,0.5,0.5
"Aldh3b2",1465,1,1,0.5,0.5
"Ndufv1",1466,1,1,0.457346383761222,0.457346383761222
"Gstp1",1467,1,1,0.530977956207687,0.530977956207687
"Gstp2",1468,1,1,0.503241046285313,0.503241046285313
"Gstp3",1469,1,1,0.500466843683559,0.500466843683559
"Carns1",1470,1,1,0.497085104781283,0.497085104781283
"Pcx",1471,1,1,0.502524244809539,0.502524244809539
"Rce1",1472,1,1,0.527502848568699,0.527502848568699
"B4gat1",1473,1,1,0.513867175937397,0.513867175937397
"Tm7sf2",1474,1,1,0.494845168688621,0.494845168688621
"Pygm",1475,1,1,0.489950344642096,0.489950344642096
"Plcb3",1476,1,1,0.513700537409253,0.513700537409253
"Cox8a",1477,1,1,0.44730184449848,0.44730184449848
"Ganab",1478,1,1,0.508955359146226,0.508955359146226
"B3gat3",1479,1,1,0.485936219834224,0.485936219834224
"Asrgl1",1480,1,1,0.50110525927274,0.50110525927274
"Fads2",1481,1,1,0.495676351434809,0.495676351434809
"Fads1",1482,1,1,0.541013907739263,0.541013907739263
"Tkfc",1483,1,1,0.505439688181309,0.505439688181309
"Gm4952",1484,1,1,0.500549249359209,0.500549249359209
"Glyat",1485,1,1,0.499781652367181,0.499781652367181
"Psat1",1486,1,1,0.482422010610781,0.482422010610781
"Gcnt1",1487,1,1,0.497646413507661,0.497646413507661
"Rfk",1488,1,1,0.510555966061286,0.510555966061286
"Nmrk1",1489,1,1,0.498929091651921,0.498929091651921
"Carnmt1",1490,1,1,0.491152444287551,0.491152444287551
"Aldh1a1",1491,1,1,0.500966211114936,0.500966211114936
"Aldh1a7",1492,1,1,0.499684081123728,0.499684081123728
"Gda",1493,1,1,0.499418775046027,0.499418775046027
"Fxn",1494,1,1,0.486486930934908,0.486486930934908
"Pip5k1b",1495,1,1,0.5006241636098,0.5006241636098
"Ak3",1496,1,1,0.490620918543725,0.490620918543725
"Gldc",1497,1,1,0.498258517750292,0.498258517750292
"Asah2",1498,1,1,0.504057794334436,0.504057794334436
"Sgms1",1499,1,1,0.512106325613146,0.512106325613146
"Minpp1",1500,1,1,0.50065303300393,0.50065303300393
"Papss2",1501,1,1,0.509546450855155,0.509546450855155
"Pten",1502,1,1,0.524505913109702,0.524505913109702
"Ch25h",1503,1,1,0.509154155986818,0.509154155986818
"Lipa",1504,1,1,0.520994992804578,0.520994992804578
"Pank1",1505,1,1,0.510249000351549,0.510249000351549
"Cyp26c1",1506,1,1,0.5,0.5
"Cyp26a1",1507,1,1,0.5,0.5
"Pde6c",1508,1,1,0.5,0.5
"Plce1",1509,1,1,0.502374599026042,0.502374599026042
"Cyp2c55",1510,1,1,0.500183083119736,0.500183083119736
"Cyp2c65",1511,1,1,0.500183083119736,0.500183083119736
"Aldh18a1",1512,1,1,0.50319701132338,0.50319701132338
"Entpd1",1513,1,1,0.50180013462639,0.50180013462639
"Pgam1",1514,1,1,0.520229040271708,0.520229040271708
"Hoga1",1515,1,1,0.500282846975401,0.500282846975401
"Pi4k2a",1516,1,1,0.514803055916728,0.514803055916728
"Got1",1517,1,1,0.503867219789641,0.503867219789641
"Cox15",1518,1,1,0.506397128847395,0.506397128847395
"Cyp2c23",1519,1,1,0.499684081123728,0.499684081123728
"Scd3",1520,1,1,0.499518721619376,0.499518721619376
"Scd2",1521,1,1,0.542572306869235,0.542572306869235
"Scd4",1522,1,1,0.500549249359209,0.500549249359209
"Scd1",1523,1,1,0.532237977359086,0.532237977359086
"Ndufb8",1524,1,1,0.447665087255003,0.447665087255003
"Elovl3",1525,1,1,0.497658290157144,0.497658290157144
"Nt5c2",1526,1,1,0.496430427318194,0.496430427318194
"Gsto1",1527,1,1,0.563734303637324,0.563734303637324
"Gsto2",1528,1,1,0.504461052263836,0.504461052263836
"Gpam",1529,1,1,0.495849933234958,0.495849933234958
"Gucy2g",1530,1,1,0.500183083119736,0.500183083119736
"Acsl5",1531,1,1,0.522037214476211,0.522037214476211
"Pnliprp2",1532,1,1,0.500183083119736,0.500183083119736
"Eno4",1533,1,1,0.501815117476508,0.501815117476508
"mt-Nd1",1534,1,1,0.465990391973285,0.465990391973285
"mt-Nd2",1535,1,1,0.465933749491131,0.465933749491131
"mt-Co1",1536,1,1,0.487414954053811,0.487414954053811
"mt-Co2",1537,1,1,0.46987825886126,0.46987825886126
"mt-Atp8",1538,1,1,0.48402755090332,0.48402755090332
"mt-Atp6",1539,1,1,0.471027370378247,0.471027370378247
"mt-Co3",1540,1,1,0.47436671877775,0.47436671877775
"mt-Nd3",1541,1,1,0.454928663361669,0.454928663361669
"mt-Nd4l",1542,1,1,0.447482735006004,0.447482735006004
"mt-Nd4",1543,1,1,0.475862263024299,0.475862263024299
"mt-Nd5",1544,1,1,0.485887068777129,0.485887068777129
"mt-Nd6",1545,1,1,0.478924428696616,0.478924428696616
"mt-Cytb",1546,1,1,0.483049645856584,0.483049645856584
"Tmlhe",1547,1,1,0.501144726292563,0.501144726292563
